Following,Posts,scrape_time,Followers,user,bio,full_name
263,489,2017-03-18 09:21:42.742054,1040,danny_l3030,"– Xbox/ Cars/ Food/ Tattoos
Netflix/ Beer/ No Snitching
Laughing/ Action /Comedy
Goals/ Adventure/ Music",Danny.L
124,63,2017-03-18 09:21:53.861690,173,mykola.turko,,mykola turko
42,46,2017-03-18 09:21:55.727797,51,giuseppe_antal,,József Antal
42,26,2017-03-18 09:21:57.104876,10,alek.kimskurt,– Simple things,Alek Kimskurt
234,904,2017-03-18 09:22:00.622077,1125,miri_berlin,– Photographer living in Berlin,Miri Berlin
225,121,2017-03-18 09:22:06.708425,88,vitakate111,"– Life well lived.
All photos are taken by me.",Vita K.
609,263,2017-03-18 09:22:14.322861,287,littlewonder65,– natuur vinyl bowie enzo n-brbt,p@t
423,453,2017-03-18 09:23:22.423756,182,pktimmills,– Minimalist.,Tim Mills
743,452,2017-03-18 09:23:24.503875,662,flooglebinderuk,"– Student travel specialists offering conservation, culture & community projects in Africa, Asia & Europe.",FlooglebinderUK
655,92,2017-03-18 09:23:26.164970,492,artovisuals,"– Capturing what my eyes see as beautiful.
Sony A6000 & Canon 50mm f1.4
vsco.co/Artoghrul",Arto Gahr.
312,90,2017-03-18 09:23:27.974073,209,fededalera,"– Fotografo - Si
Filmmaker - Si
Diseñador - Si
Humano - Tal vez",Fede Dalera
225,350,2017-03-18 09:23:29.618167,802,kaileywhitman,– illustrator/coffee drinker,Kailey Whitman
263,489,2017-03-18 09:23:32.226317,1040,danny_l3030,"– Xbox/ Cars/ Food/ Tattoos
Netflix/ Beer/ No Snitching
Laughing/ Action /Comedy
Goals/ Adventure/ Music",Danny.L
124,63,2017-03-18 09:23:35.713516,173,mykola.turko,,mykola turko
42,46,2017-03-18 09:23:36.436557,51,giuseppe_antal,,József Antal
42,26,2017-03-18 09:23:37.464616,10,alek.kimskurt,– Simple things,Alek Kimskurt
1778,207,2017-03-18 09:23:39.199715,1311,win.iphone.25,– Answer the question now for a chance to win an iPhone 7. Follow me and visit,Win An iPhone 7
