,key,post_time,tag
0,AQBtc9Y2n2HTYKNkDwqVagfKGRWsmz8e9_jcWVXFHYwWPdRCWJyCNHh0WPSQFXnqPFsOebtz6ZTsiBRdzsYEc9H1DJaD-cPk0M6VzhLRZOzml3A1JBa5sMcpMkNkYr2aD7s,Thu Mar 23 09:18:27 2017,nature
1,AQCFyFV9t7DoY9Xa-BS7njnQEU-kpQqMeBFbGcN9AYw_bymlyp72OiYk_LKEcHHwt2hryPM6rWUo7e2AKjHUzmx4YiS9JbLGZFhb7TEOkgW_ZZwE1afzk5pQlSb4LLumwOY,Thu Mar 23 09:18:31 2017,nature
2,AQDtBKT4Z6hosMl94jRhj7ZMEoH9-8Ya0KTx468TyCwlGHtkuBipwIIbVwMGgT6wIimGWoLmssLx_oQfxf_TsapHfYZqmKl3v4ntdBfh6aagZIGl4D9SWG3c-4nJm-NL7IM,Thu Mar 23 09:18:35 2017,nature
3,AQCzK_RPWApXyXzRwfQi7BdOXnsrGhF3C6wfJ7QMKnNSyq-7Z_6ZY1XQZjKiI7yHpPkObS701087gsTdqvyfNPzkV4mc70KgPfpyPzfVNpXblvZBsih04E6sc1LIp6Tj-fc,Thu Mar 23 09:18:40 2017,nature
4,AQD3JvTm8p3RkmgaoFa4AgOutnLLoPwHwB4a2dc9crQ7ZUZSr2kgcJAZOMkH9BCvtD0PgbfAOx6XaUN9rWNpelz0P6iU3msB2ZmM_7r8mbJ_APVh19rb_lF5TKuIBpe8u7c,Thu Mar 23 09:18:44 2017,nature
5,AQDSuRiVutUq56XMfW1p9cS_cmbllQevNfAErY140mbTLzJ8uoqo_ZnE1sazeVyPuil4cYPOCz15r1cA4Cym5FGHYCo7cE-1KdSRDvK7NTu9LyAi_0vl5mhPfl9ixR70qHA,Thu Mar 23 09:18:48 2017,nature
6,AQAcPecj2Pn1E496RiLra5HEK2jvHImyq4dkumS_F6aHLJ-qz4cEzQcLjZYjOb5aW4S80mkAOOQoNIOcZxlyo_xGYYyAKBm-xDnkXg9ozh5V0_hmrrxlvLA68vLeTsP1AK8,Thu Mar 23 09:18:52 2017,nature
7,AQAUae5UTPUxIpwrISM6UUvE2QftEeOPj3LRDD5MzXTBmOPoClXKLSxBECth1GqRLHEILNavOWRSzdyY0joouK3KX7C1_oZfUScTJs2G4k1atqdKMI5kT26VEB5_JOMpWmc,Thu Mar 23 09:18:56 2017,nature
8,AQDAIceIHSjByoLd8IPQ4AiCTwa6SCEogYsorT1Cc1A9M_eJ1MghcN49dz1dfDCdo6DH8ve1cpnRu_nApEsMxcDotpO6h_Rp1-N0QuA2WExNw0MeC56SamEC6tTPOF7fsIQ,Thu Mar 23 09:19:00 2017,nature
9,AQDFlXiQivyjAPs4rdFqKexrHJ3yF45t06kb22gQcfijXB9OGFeB0-FN8v0xbz6ejh9TzV3zNP2zNNfFQ_m1V4tCJ5rmIgKsqL4xxMfcPfuf9oZWsjnqsHFimTcm78ACDxk,Thu Mar 23 09:19:05 2017,nature
10,AQDN3vwgnD82PfM59YW5WJVMbWpM_-pDMkhAaiil-hT6N4zOLJepbjgZIwoPQAMiZTXQkk71hbxuV5cBEv-WsKS3-d6yjaXCoJrNUvX4_1MgXmnbegYjGl7aAwDgSUwKjLg,Thu Mar 23 09:19:09 2017,nature
11,AQAIWsEnBOw9o_cdfZSi1QnxaB7dJSBhiRH7DEHUDjBpGHSJ2OjhshRHA_bVJONQ0AmYTYAi1CnnQsUGX35W7kP-Uj7Pv7KaM87eT7cy4nfxP8_ljOIOVxHvGNKAc2-jxoA,Thu Mar 23 09:19:13 2017,nature
12,AQB-p7nXqbsDRgDNm9Qs44BLEUN5g5GihQX8egWppr015h0b58yzFP5uY73mNuzzbKvZFfGFdptMZG0NMtOD2ovdCR4reU2JsYYcS0xUnGFpAMfAYySPnBcKEAe_qtqiQJY,Thu Mar 23 09:19:17 2017,nature
13,AQDAnWqyIdQoo3TR7QECXUbk_c54fjvZwRyb2O_AZvMHqGasTW87d7vDNW0o4E99RjDxx7vE3x-P9oahaboZn7t35lDcdWmHmX3I3UKQSfleSqQfqepBYTGWWCxO-OFiX5w,Thu Mar 23 09:19:21 2017,nature
14,AQDUDzaVl2E6SRF4r36GSTO1OOyXTdLAIcWYkiN2SvnUAz_ESztZpIJGldCFwOrKQdxSYAWQzRvyxQWTjFbi5Muhl3_yaCy5o4DR07UT-618KftOzKB7IAG7-mRqFiGYJms,Thu Mar 23 09:19:26 2017,nature
15,AQDwOWxkSZjvVPv1QABGJipAVzLzH9Wm8pvYPUYkrSVebV2irozab4ArXJvFhQpsPHNqmxNaCpl1EC7xDIfRW9jIIpQQP3hCjKx4eNIMsSRZDmmAiYhi5m9n7ulyGE5DuQY,Thu Mar 23 09:19:30 2017,nature
16,AQCpQTto6YkkC1AC2zdIKnPqYCYXLPV4Ya6QPqDROGqeXBxtmUxaqQJFz1BeV6N9AiFr7PiDgz4HCIiMQnsYvLnbNWOSGMZJBIgayS0rPNxpy3qntnRTvz7_P7T5u_3Q9sU,Thu Mar 23 09:19:34 2017,nature
17,AQDOHsvJuJp35kQUIm7Hq11QBzIQXC4qkw2al00KfI3hqviuYLDk91MXgkGT3YhsCZxkyDangpI-glkonRbUZbYDbwcKIsuIv9143qE_0qd-xe1zvZynqcaLtg1hrm5CVPQ,Thu Mar 23 09:19:38 2017,nature
18,AQDfLR9NAQKohcjYmmiFAlOax00FqdU1eQo_xfq5FGfJexUjbwfF3EDf5Q-edpnl7oLKUMj_dlXRP8mFlLNZxcctx6M5x3uCR8aJQVpcTJYaw_rR1LkmWezsWXQ2SnY2tDI,Thu Mar 23 09:19:42 2017,nature
19,AQCFGfFcMpdzi05CggEzLDZH9anBeExxsQ0LLp1ignXbychAUNGqYWlkMOjgXpskOLQ9S1hw1WVGOTQyydpOQOKxRmCcFb62RI_XZukDNEFSA62RpfsHXlhAIjwks5I2cvc,Thu Mar 23 09:19:46 2017,nature
20,AQBL4kdv3P4pR9BdpKlMpGuVlqGchwJSyfvFLmdgDftOckkSSpIRceUnh3Wc-FCKB7jO1UIVt59FHYAZr3DhX7zQiOYIvSF-tbGT5vhY2euZjDlRqhuy5rXflSj2PxZRE2w,Thu Mar 23 09:19:50 2017,nature
21,AQAbBK6KvZAV6RtM-6TJty3hV16pcQyYgS-cxFM9WQgxLSUCMguM9iWTfbX1U_SulM3X2_tXbzRATVHlCr_msf2HWj9Kltglfwlgs4YADn6zKV8D2gIh-TFIWOuG0nSp5D0,Thu Mar 23 09:19:55 2017,nature
22,AQCsk6UbMkPXWOhy3CDN1Dkjxt84U3QEWktYJgx7xJgD0xxxoTK3G_NqQemfJ6RUuk32eCT0dP3P_QRrxNfT4_L7w0lFmraucFs552969lMsITFKNEkL-WKaal225Ma5xLg,Thu Mar 23 09:19:59 2017,nature
23,AQAYXHanZ88zXFUto1Z2XBUCSCllqif3M3O8LpQlTyTQ64njH9Cs6GSgde8Wwl3ignu0DCVkzbQDR1jUOsgozZzUkxZuhTtJ_9OM5s3MnLYm8adKKAx85qVTSo10kYq5Wa4,Thu Mar 23 09:20:03 2017,nature
24,AQDPhLPdp8GkOtT2NSoYFN8zr36UVUUqK0EiDZ7_ySpitCv4VhvZBr_O53H63N8efmi7lJZJQio3ZivwbfzE4l8xzVGvb3aukpzmFRbEiccMIcZTXxjDCaUI3xH2sUV06H4,Thu Mar 23 09:20:07 2017,nature
25,AQAFS7qIxa12-q9FgyNoqltnB2CkjZ84UHx685pEtzbeRjL3Ezvk1Fo6qzl96xuPz9H60VYcNUudjU_62dciDm4Xf4g8mLi7KWb_SI6EXUK1nGz-g4ckCrbwFUho6FndD80,Thu Mar 23 09:20:11 2017,nature
26,AQBg1UEz5NgzoKrqW5sk3QPiH7shzqYRaUC9QS2D7Pvesan_Hw4jb9YY1_9ilID75GyCnx4bUBouRau3NTubvtOP1Jj8c_mxCKN4DJTPDNtgn4015hsLDIpZvMB3XMOF7pg,Thu Mar 23 09:20:15 2017,nature
27,AQAeZh57VkXFfMwShZrilOIrIg3dEPyJMVOLQ0CSyxVp7FADl_pRKkGynn87aDpkwkoItDzPi9wAgeuwTkzlCGuSOudl0r3u3PNDaGi_5ORGz8fZJ62ki0KEAVBKcMxnWbU,Thu Mar 23 09:20:20 2017,nature
28,AQCAIBRKnejTrreM1GeMso_zwiFsaY_hSk1GDZ_lm39XgcXYy9a5dEIhOkDVN7gPP8IQUA3baZEh-ujBoUW1h4kAglFFoPhzDCMT8QNAKmTK1V_Lm7XgTihEdNYk-VkMqFM,Thu Mar 23 09:20:24 2017,nature
29,AQBe3lBHR6rnj6kUjyHAv4NA8A_Qk3uBzV16BRLnQIECgWyQs85icHjS1p9r9Cu289KMvHce0Q7fJO855YqP7gXw3WX1J901ESkvu_xdImAVuMkMe4mIxWOL2paju5v60uo,Thu Mar 23 09:20:28 2017,nature
30,AQD2Qxq4FavjF_DwPWdCYknX7ZhgkX4LPd6kQ31cdRc7YRdkTPxuEDJLXSzju0iQyBcYJx3C5vF4y4ADH7sX_6R5fKlhDnQFH96u7yK1_tdRkif7NsX-AqdNu1ZXMAYX-Ns,Thu Mar 23 09:20:32 2017,nature
31,AQCzkWTiqKZAbbD4BA8smHWb-OZPwdAxEyecGM-iohvfLVR6oSW1ma2gllCIRJG_VtDUp4tEXYws4ZdwJkMBFLiqP09jjlEpVh1Wnzh969nuMKgwdTFi2455PO1Ueo8y0Ew,Thu Mar 23 09:20:37 2017,nature
32,AQBRFo0VJUxlzt2pitAJx6XbsdYC82M9NovNEQp8bdYDIddPdFE5pUJW6RXuIuISAoOryTo5zDmdcFTN6jI7Fjp83hNRUS3Jtjy_9WESpaGIrx53mrPOwD5yI_4Z-47SHBU,Thu Mar 23 09:20:41 2017,nature
33,AQCKrb4gqDqXhWgjWx7Oxm9H49xzr6VGqtHR0Toem3JzRSIBDX2j1T_kXFG6VO-p1Rhv8Yg3Oj3Q021vcJR95ZijR8kBowdCmDkuqz0w_0S402RUnbzfw4qf3mGeDBacios,Thu Mar 23 09:20:45 2017,nature
34,AQBZWAzRB0q4LwyH7g1LrNt2dF8bYOS7zToAbjJioqPoEdns7WtE7MW0JPuOuwr-Tt7-E6oGRozWgOzoUoEcbYspBYWNJYEzJB-0Z06tv9SZMN1Nzq08k5RWnAmVTfiA9gM,Thu Mar 23 09:20:49 2017,nature
35,AQDx2Z8IVStBmvW3l2j6sqCASi0yvgD0fzvs9i64aKPaMrDh_V195Q3vt_o6ktvJnheEg0WE7l6fyxz5v1mzq3Mzhd0Yt2GH5nbl15P7J-yFGnkE8e7OfPZ9eFdG5SUCGXE,Thu Mar 23 09:20:53 2017,nature
36,AQDvpS8Qrct9c5iKUthvZpNLesopCj4rzCcq3o9pDZHe1aS_bG6ftsIHyYdEUGAbr1bx1UNGXOzEzjP1evSwdT9y03B9hzQ0n-rGYurAlS1e-vKbuAEBgcz1wGLfpSCqpnM,Thu Mar 23 09:20:58 2017,nature
37,AQA7VHaF19i1j08SVDVk8f1PiXRLwUnbd0EqnNu7h5zCmPOsHig-PSLJym4tdXHiSeqQ_DZ9hiJ1zOM9acBeLpPWmvC67bzutmnJSqOLFsNtoX9BBsJarN7Jdcsc9v3JuP4,Thu Mar 23 09:21:02 2017,nature
38,AQATGMT7gNILs4apwGo97MA27SwOBELvfz7nrpd4r9AVKMC66BuDBPghVxq5PyaDqwZXZCw6ge-BtDddKtuycxlWIqc9-7JR8-roDqru9NmsnAJNUBXZXPSc1TS4iPioncs,Thu Mar 23 09:21:07 2017,nature
39,AQDkXaFP9GsO9-5YAEc_qXyU9sBugufnSKNW-tNCu2_aT06cKuwBA2Dz0B4ttNHdufE_HOre578IFTes_Tli80IaB03DEYEZfCSsOP2h6w1zRySniqln7SQb_f3pul8tMjQ,Thu Mar 23 09:21:11 2017,nature
40,AQCMa1zdwzVxh6jK9yc51E8ZXNy8UNZXj6RWZWnVz42zYvA2kJPPXQEv4yHjxgcjvQwxRVJz00NG2PVUJjIaSlYqUcWUT2iNFLEDtvmHoCpnNt7D-o3dbsaxqsMaOfabMZ4,Thu Mar 23 09:21:15 2017,nature
41,AQCoFwel8YUr77dzd7ZZjhTc_OyOurbRRvqld7_LMvCCO9VsnvXcg5ppHGQ0X51vUgfFEN36tnDEOZWFwbq0Q2fwkTnlUe5h_jJa5yi1DBLwq9NyEP7Qx6joL8xzdUqjmLk,Thu Mar 23 09:21:19 2017,nature
42,AQAWfMvMPHZjRrqRcfM55Dut7OPfsv9D_PS2lgjyMon7UJNp7ZCNSxbuz1j_olNJBOTWAzXtUCaswP0UEIZ77bIJ2nO9nKq-v7FbA3AzhyUODmHRXAJvFnc_UaM9H8XJXIU,Thu Mar 23 09:21:23 2017,nature
43,AQAcEs30i0kSPgRyV19HjFk_LD2aVg6GQSKx3sb5llN2X8PXdZbfsWlxTvjhqRHU4eLP_znqtarUaKO4lLj95j8qTfAINqi72UypukILkgnBkQ7pyqjS8zBzoJ0JGgZfvWY,Thu Mar 23 09:21:28 2017,nature
44,AQCQWnrNxNgKqCHeNahnFU0FqD4kOAFWxYP7Xyp3sd4uC0dgNi4atnZk3_UZMWW-iP9HCuAvBknWRFOtpePjY1q91igUlunEGEfBDfuf0K2EL88Z27IF1O17O16TwziY27U,Thu Mar 23 09:21:32 2017,nature
45,AQA8aDYqapWwLosoSQvd7KUmwn4_KwOeL7_T7Z6xqfsuQ41A6TV8l2F9eYd6oMoloLEAODPteK5UwfGc1mVWv5M1Tuh7Lak9AY04kis_6Urobuomck08acHBXQp-_4RUezw,Thu Mar 23 09:21:36 2017,nature
46,AQBGWf7kRsTMOYymmCOqaLN95juxzcdyKkefN73Ph700mzv_vP_5X92Mtn9GXc_pZzU1l6y2O1UK0vHXP8Xqg_4hE-0Ou76Jo9Z_BFkBttu3u08dL_LWNMBn1JL8gi-oTec,Thu Mar 23 09:21:40 2017,nature
47,AQALBZlt9stgSP54AtEYxI5LNnto1pjo4PbAyPDEqSdr6k2R8Dqvp5609HGlBA8MKAGmL6JFjRSH-0vXmTmk4GYnl8S1n1cmq2aoMcM_pxD1mTbIw9WQ3Hv2zqFHmDE-mok,Thu Mar 23 09:21:45 2017,nature
48,AQAPlJoQxSP2OUUsk9aCNSB2PW_eAOngFN-cNvLosAGLbjz1v4RjrldU4VVl66iOU_-0rS268ZlL8l1ekwyVYIYD6f5IjHWNw2XchuDWq18dIArLKpeLvKCpphVVAYW4TLU,Thu Mar 23 09:21:49 2017,nature
49,AQATVmN1CzG41V6XnPyeiD8aASpUUMRBeCQ9Cm3KbFcLF30SW6hEbqH8-0k_BMUwr-V1Jn4wc1LiY2z6eFQCS-7tsNte9PGRd2VryoSHONZ6CwFq7frsTT8_2GTlq2o-Fho,Thu Mar 23 09:21:53 2017,nature
50,AQAC6w3xypDQHJY4GhZSiaK7NLPaUV26Oieba3NiZ8jfNexRhEp-ipjb7zAOWH4w619FFtZnHhc8ek4B5QfXfDAikYB-dAmTa--JkRQvd-Xn7g4PeH2mhvRuWmGKsIAYFCw,Thu Mar 23 09:21:57 2017,nature
51,AQC_nKdGJ-5H5f4VGp6bCoR2GQt1jl0HlvHbhgjtcu4w6YXfESchme_raUTbyQjM0FFddJrhqItar4j5ALkXxe4jMlSPSp3G3M4RR_-XQNOP8sqPERJpKpd8-MMf38pIYCc,Thu Mar 23 09:22:02 2017,nature
52,AQD65t7k6QZKN-Mgr0j-WQCKCr-hTQnmGPql1Z3JJ6UT7R9jgTxod3SUjXPRH6_KLGUjmqXUkr84-fpCzjM1qe8SzTi9CZsgp1bIdDMThdNuPIwXIdFBkZBqelygCtRET7s,Thu Mar 23 09:22:06 2017,nature
53,AQBvwxfTl9htbYhFaK5yoLqwD_RQsIw4DxZo9KhLMs_Kv3IRc-ZupYaXDq1nQefydT_f00BZ6MVdOHw9GP7JlrhHN2wu3c-xlivPGD23HjODekY-29_qcscBjhMIc8I_1Q0,Thu Mar 23 09:22:11 2017,nature
54,AQDmaLyzw1Xsd_naKoEBeVtScMYtOxvYP3utW3-AjJeResoA4Yd1-tjVdB5lkb8cp_mvgMbXL0O4GKwHcB3Zor86uD5CAdVfotVXhX4JwP-KBL9SPlD-8qIqsQ_6fTkcnFM,Thu Mar 23 09:22:15 2017,nature
55,AQB1Dr6nOdNJ4ww2EeDOqlIOfvoouFqoaPVJ5UEGc-pnbEqxbrvjRMPla6a7JKW13mtAQ-GVpaJwE12KnO8A0lLa6Xee_Pmii1k5y7y0Xr2vQ2EAuTVZnU03EvJ6KqasDPM,Thu Mar 23 09:22:19 2017,nature
56,AQB2cIHs0zdK9L2F4s9Kgx_oovoGGtpwV7ekJb6rct4iKycrlmHUdrDIkXx4X-jH0E3HQfjqzQRs3c3ldfiIirCKrOtOquStw9V9M7j0ClWlEduE02hvXmWDIYUsRNtOTJE,Thu Mar 23 09:22:23 2017,nature
57,AQABE0oiWg85y42HWesCk7A4NLgTZfNoGkWkz0DAYU0aD4z_HX4pkoqBNhAKMMh0iMk_NnWMTMZrqC43H0B8-aZm2Ivx0HSDKowwy70ketpNGssC1MPflL3yDTeTO1uyCEI,Thu Mar 23 09:22:28 2017,nature
58,AQBgcs8T6O8O7OGHtbesunRfiHrtIUb1czReDaG-5dowz4SlhL2hyvNz2Ns6fcifCNcOKez_x9XN3fevnzG2K4rQH02VTs9G5uRhOaFjm4pIVyQKkSReYpTIj9i4c_2al_0,Thu Mar 23 09:22:32 2017,nature
59,AQAhm7O1lajuRZ1v3atmNRE8lKltRH2VRxpL--Ioqot1RPFQNAyngX6pZ5sTulixH2lWastzvz7NkAHaRskVl3JOZFY0_H9JaGN_IM4c3P1Xt47ZyxVco4xL4Lseri2PXJ0,Thu Mar 23 09:22:36 2017,nature
60,AQAGpOViTDOBfQ3gkFCc4T8Px3ZoBotMyHhpZv7CQ-3UoRdVw8Hzl3v_L7txZ9aCgTuNvs-112RwHKQerDX2AA8sAFanfSWncwZm9-auMJYJqwu_wWAKO1SdKdmWed5XtYk,Thu Mar 23 09:22:40 2017,nature
61,AQBKjKjvLL6YHZzzuZlLFzYV9G4sU3Vv6hcsz70SBbC8O2w1KkIKvrzdEDR_-KL2X9hgRLdwP4iokVOj0B77qQi3AbbTJ1jq6WcxD8RUHJOdPzW2MUzvBypxhAYTUh03flc,Thu Mar 23 09:22:45 2017,nature
62,AQBKQb6D0hT8c1t2dT2w7zrOQTYNWMsRawKPkXSodtlZftKy7TAdITl5qC3g1wUt1IBKxgfBqNcSpZeWLr7HE03H-vrKnRQ8zUochn808f8W2UEs6lKPOz6uAn-6SqzEVeQ,Thu Mar 23 09:22:49 2017,nature
63,AQCB_Ku83lOr7MtK6EWFFUXWfFyy6I9ZMyGqgI6YhlJzg9Muty2wfngBVxjevoMKV4R3toCs2jOLQdddw7QihH3_xVO2U6xQGhpSAD_3ju4OvncVnHQsBHXH1M2qxzA4Ihs,Thu Mar 23 09:22:53 2017,nature
64,AQAkZZFcsaH_ilcGBG7iF_i2ESb8zXJR0sYwfTXuRWTV6cvW4JgSrQKzjFarsZ5zbV9y2hZjfTiroLHV9IjDfap_q6q1KjZ4X660GKegmriHdhyJKU4BVTHmJYYYoWHxMv8,Thu Mar 23 09:22:58 2017,nature
65,AQDc8gU6W5cYDKpvCXQ8dao8sRMSsOvDBOchR785A8Ef6N3PHluq2Nu-5zey4mBqpxdbA0_R3rhwqh3xiVfRKCoRhFVg8mNmEGRiAFlTIB707kVfZjv5FhYq8Z4WtSBMAWA,Thu Mar 23 09:23:02 2017,nature
66,AQBQ7E0xSQ_zEymV37LRcufiDEwbyFteZTrqLsYxoNV7t5BI9LDz_U2IdSSs7apWkbbN7wCmud9Bnk-jnDC1doVcZ8wfz-l9xg_6HKDL_tqzXzD46KqiJt7hcvCoFp1zDjw,Thu Mar 23 09:23:06 2017,nature
67,AQBHgPYkIPPrbaaZu4y911LPSPzpquMf-0cwIOQF9WTQrrBeQ7vgTtZ6yMCFDgndy7J9i5VK1UJlIIo6rLa4ehQSgMRIBFGSsdiDqlJ2rHOa3mwyJzCXKFejkJlPpCf7DsI,Thu Mar 23 09:23:10 2017,nature
68,AQAd5jpqEcw_sKHVahYMcirHzQu6Wq6EysJKXQJicpj0G5WT4tcZr5yS-jQwrAmXM6JzIRUEfo0bwrvwTHcmPaROLl-ZYUJttMHSYL97ScsnQ11czo5HI4T_BJe3VJuLshk,Thu Mar 23 09:23:14 2017,nature
69,AQAWuQ4IoDg2vJ7_e5Vjv2y9ZTYSzDR0WsWmgzfeIhxDyTfRsBm3skMvjN8Vxu5E2vSaHX89o3ZqqPkzpnbDcyQhVpQp9J7y0S0S6SLtS4fOn8gKqDNDXIhOTuBm-CFw6ls,Thu Mar 23 09:23:18 2017,nature
70,AQAA2j80mFlye9eXLDEgA0T25FqCBLYxYIx3Pq-dTbx_rhKRNcRD9fmzeJXxuTeE8KNIAQbKBIubRMwbNnPEL7UxSvrzdkLX51cOYE1ko5M-1DvFwMNPYJA5oMPJ9amGq3w,Thu Mar 23 09:23:23 2017,nature
71,AQAae-jIq8QogyFRQQPPJabP12y-ENLOyX0L0EH1wMS11ZrqYQJEfmzPpYurH837Z0CZnyRYp4FOK_fQwmRYGHro3wlIJaouiqzzxsSoWNTMpK4s4jLzmM1IobMde78sy0Y,Thu Mar 23 09:23:27 2017,nature
72,AQCLcd6cTxkMYUmD9AODmx-NkUyVEOwkJ_Mlsw4YQeNtRPOnOyu6hVZk43cJ3eqBhY-xPNlRMTGSah53LsM8daFMzpAjlMeVEWRojD6XxkUiqlmMNxFd9hW7d1vWrOpJcuw,Thu Mar 23 09:23:31 2017,nature
73,AQB9dgQ_34bYRy2tdHh2GHnNEouSZ4jLBeLXvLgntxqEg4wPRafG4pwylWylT_423_I4ZY8l3g2OVMxPXbem-SReDURfxik24_8YIw8_vT66FS158IF9G-qkZkfrt2ww2v0,Thu Mar 23 09:23:35 2017,nature
74,AQD_vwsc7W0CckiB4oawrWIpTSo2vy0NpAo5DDDTUkzpq3SPhyvQ7hI6vOqYl46StRopzebVRJ4ttQj_uPy9SwUD5fqKZ_EKnTIJwucoOwQ6zuvEYdkH38mwVry8vAG6wb0,Thu Mar 23 09:23:39 2017,nature
75,AQByIxig1-3rR4Mwmk5i9a8g7o3TWA_E_oZGUYFYizWs_FmBPQh46JLaccm0RMpTlJ8tGB34uzwJ-HYhv0i3-OaRgIebLoNbc2f9rnzC47mbofSa2uZhOOF2Z1OACOzrHPc,Thu Mar 23 09:23:43 2017,nature
76,AQBEXTSdW0Pq_hBBhadTjqzrhHCCaiWXNQbhcAxhfykRjyC7yZl3qUkVSY8F3bEtub0zJXxvYUYGzMWWSMRJknssyDqiD4nM2JpgnOd0K1Lek8B9TNMDaJG9B0J8ws8yMWU,Thu Mar 23 09:23:48 2017,nature
77,AQAdxJtGwMG1Z-R8XJi8K5_qioVrmkyFl3bQ30XqwyT3JbZFV7IvmBajN1mtdX4HjjeS_YmpgGLWgteDQNb5rEGygCiuF85pAE2yqQrfzgjgUAzKpqO8OrExoI0HtduogP8,Thu Mar 23 09:23:52 2017,nature
78,AQCtaxDjjWAgcSu9KhB30m982Ur0XcVZo08p6UDDy2uVu9Ry1bT8KQ_dSAL9pYSBQ52DNfHWoHXq2s8zyBv8CFvxQlnFZkD6IO_9d1OdkyFuL9hsxGQcs36jXpHZgPjOGfs,Thu Mar 23 09:23:56 2017,nature
79,AQAe1hgUf09F1V8pSz7xEB8iB1CjuJfLEdNA-S85eGut1roRh51zn2qqMevEw0FKmjo3dpcBAosAAblPn5c_743JAvMrqhjMYScGQIUBsc3gUDRATBLXp27ByOhmhO73bW4,Thu Mar 23 09:24:00 2017,nature
80,AQB7mOp9uXtBUoyE4DGBRckX0R9eBDLoYAQzFS2BHiE30OW0papYZSyec2HdtaZdX8PPfSA698lrM1H4CpEAJj-88gFejK0IfeeI27UUJO19hun0pRF2QgvLtmSg4GMBBpw,Thu Mar 23 09:24:04 2017,nature
81,AQBNH_yiE0U5iXZ-INvoT81viSU6SDcbkxhbgd1pnzJPcNugoRsl50sh8JPtHqwh0uJMiwnm_a1Ac45bOOuW_FDSAYu8ltFNm-Euw_c9FnKOs1PFMmKGSdzPD87CFqgyuDA,Thu Mar 23 09:24:08 2017,nature
82,AQBPZXnrhRqBJxJMxwg5KRac-8Ur-xjOroMJJYRuVjZ9f1abecAZyfKCU0WdpI87aIvwNAKOoRxm_1BYrGSvN1Em7QvEjEyeJ2_qjU75vd0trJCXdN1ZJWYuy79DRWwT-lY,Thu Mar 23 09:24:13 2017,nature
83,AQCi-U4HD5lnUR2vZAnUYoQgj6RDdrB4FwCbENnkU4siauC8jy29DxbOexUPVAL1kAI-pAr3Hgj3UUTJqBXNxI4tz-VykOWHli_cF2WCKAbQQ0EQ_HJKtiZUNADAUl7aOw4,Thu Mar 23 09:24:17 2017,nature
84,AQDfOpblLE9AC60Y2Cw5u5HNbyIFIB153qyZ6waxeWiiK1WNS0IH_RuqHWspQLhwkrS_x648pKEbpdBY-ClFJo9_ugL9KgxgNzYVmF_1JzxUCiEO30rMU36qFfQViIWGQ-g,Thu Mar 23 09:24:21 2017,nature
85,AQA_T2bwd3Gg2IqtQ6uJ-tuolw6-RQrl0e8Oe05fxMjlAa7lO4DkDI4kNDh80MFV8tNbaNdrOaxLQ4dcDDAJeUSycCaELlo0z_qXPQCvGeSeVmqyYzwulsHhWuEnGArME_w,Thu Mar 23 09:24:25 2017,nature
86,AQBuONuLVlFx84gmFEJXdmClTtjT4Qu72MZePb30nyuv7pZE6eXgVVmPcm78jZyFHGWSB9ztwG8nGSDc4UdM_ZKLPuKuxSzUawj4WJp_QdTSKcqpr_qeMv2bwUfMQAE5lnM,Thu Mar 23 09:24:29 2017,nature
87,AQD2AceLNmQ8Aj1E17BoHxpeS_G3J7zMGyX36cuwc-yfnO0rkiUBvlWAJSeFsZ90bfu8jCO1yzYzAc4FM0x9C_PwddLD9cgDuY6-bqbIvl7Ig-VoUDQFwdIuC4XVRG2Zua4,Thu Mar 23 09:24:33 2017,nature
88,AQAf4YN8gQPD86Jq4BSdEUCkm9B2kIoz34iyR6hio8aw6Fve1uiS5zcwi8YUSg9MDfWnv_6xTq-f4BCoWOeM6WPvWhH7hXlP4saCS7axQvfTn_LnwsbRALvxyeE2L8jhJ_E,Thu Mar 23 09:24:38 2017,nature
89,AQAhwaarVoIVpIm2nCAeYYUlljaVewG9kqpa1fjWrifRaUoXWTmLKRUcgQfT9XVZtN8WefMlYI4uP58HLxXMhYmufY6xfhMLbitkBlm_hugf6rTZeKGtjdIOEfeVN6dAblM,Thu Mar 23 09:24:42 2017,nature
90,AQC8cciEtE3z9XrM2hCcPa5fAoPwZLflYjUJSAm1cOuQsPn_U_GbXNdanKfEcGpfP7MHQ4-62OeQVnxD6WzKYUBRIOUfmFQ44AsmgIkmOnU_BUy7Ac8ynVkOwqJbpZDkRlg,Thu Mar 23 09:24:46 2017,nature
91,AQDlfaD9pLBL_aTsLsu-g1VMhzd0lk5WXVMbLpxz6sst_nGXFtu2i5hZAiaysKJs76vXSL8gHLVxSKitrwQ5jphuPUZqeJLPecpn6AVCmQqM7k5TfqSudS01th3XWSwW_TI,Thu Mar 23 09:24:50 2017,nature
92,AQAIy9j9vhYlOAbO2ZLji6EHIaApwm1yFR82ZZYzWE7Nr0yLw2H7mEloi1ORD09Rxz886A6Ut7e3CN0PWvQ3IED0wjBNkUgh8ulY_DdtbrDfWfl3mUVXPHl9iLNnu1ivbkU,Thu Mar 23 09:24:54 2017,nature
93,AQCh0sK9tdDn0yTCv4bpegkjhZkarGxAEEtNlYXtym3YcWJLqi-fsY7PU89JLdnzdxEBZbyzBlMbChLSMWa4PCl8sdGgn9lq66wBTqMV_bcbXGtXWsJJZCJq22P-1Wh59D0,Thu Mar 23 09:24:59 2017,nature
94,AQDGWSm1YRoewwaFM2USZtFALTyHVs9s8sEU6J1-GJWIUlJF7D7dx4vxJJEsluEdg76EGz3KjX1zEYctZrINnJDUQVF5itYS6RYrgCmGy3wAg21v1U8fH36_tPT_ItAk_Tk,Thu Mar 23 09:25:03 2017,nature
95,AQCEwYFX3Fx1144ND4VeoZncYih8FO2Y9Ho2sVbb3SD-nxOAWzyTqqqIBaH3fRt94IslQPc9NMLipR6Vh22mlfzwm-3oKe3Yr2Tk7rs8DT7Lx_7xL1dfJc7Bn0RdMbDRx1w,Thu Mar 23 09:25:07 2017,nature
96,AQCIPIZGZxKQiEoyox7dPJ8PUhEiFJTbzxyebDabQhWDoUKNFHinq7wKHgFlYJpIfhbCife274--kW1CSc1PZ_Oi0qgsfKGms1gObJ3hA_Sb1TIh2WURZ8848XXaEbuTgeU,Thu Mar 23 09:25:11 2017,nature
97,AQDGULqxgcYGmQ12WuHjxxcmy5ZQCNPpulqJmMtVUE-8OrMNIp8M3G3CCzAQPx2VxsIsCtvbG6e0ZGiZiL_Omeh-5dPa79n6_Jq6FPIIak6Ttednr-V1eTjhG_3hSoaoHxA,Thu Mar 23 09:25:16 2017,nature
98,AQDVZnrNfE1XYyabCziIIAIpwoDyi-MTy0jZLAQFCewqE1NZfqfFMwfNCiGRSL6jblD6mjUOHwRrcLSqzJ7HLe1WO51eQbBi4X6aW9L9HgL3zHdev7DGD4xVGXWyelB2jv8,Thu Mar 23 09:25:20 2017,nature
99,AQDrBf6IYprTmrj9cYyxjlgAXB7THm5HuDtYiN5IjyL-EPkhwufh6jv62jejoiId1nFLXtr0hO9rU1zHj-lz_wGKGblw5KhMXsSSSOO486zTC8uf30EjTEzr1HlPCBbQ25g,Thu Mar 23 09:25:24 2017,nature
100,AQDxYko954hfFT9NnfoEX_vPpaGTE0ucjsrYYC0O007E8DunYMoKhv_O2Ga7lWWr09HvvPkp8EUAyYHgAVfI-Tl-ua__GT1ZuyvB5PllwCTJk9zBl-EZ7eBx7hbqpcdf1Hw,Thu Mar 23 09:25:29 2017,nature
101,AQDx60CHAHpGyIyB0flhlSS0moKx7TMKjL00rqQcMpoXhQSBKMroso4P7FFQ-paJTW8o-84BGd7eHTHMXZpRWC7953PGsBJzzXKZewLkNl5uqgkxmE4CPjiOz65AMvJdui8,Thu Mar 23 09:25:33 2017,nature
102,AQC060cA4HirYlsx9DZnP0rvuMkEHE6WVWwQ4de5b0oGEwAHxGRriztMwqxVz8GR3q86nlPctrZZtIxn54m6_kBY9cfOMdskNG5tJNXOYj5R6SrbhB3OY3NZjob9Fgji_hk,Thu Mar 23 09:25:37 2017,nature
103,AQC2HP8AAzpLy-pqlUSwBTSnlHr6KTjfA4NGzi-2YooheJZ01phi4X0ZS5MX52fjWuFh76f7oLNCeEVmjaIBSK0pmj-DAwEfevirR0fQFgGRnf4blG4RAgeywyw6cZNEOY4,Thu Mar 23 09:25:41 2017,nature
104,AQBYVIkz_sNigcuXjhWcHnRaOVzoCKY3rbm_4YuZOrm_OQtENqNVtIG9Ev8KTJ1tWLwJAPVZVP2uHqaeZVwCBitbOJm0tVh0Hna_0R-J3LRyH_nF4JQrjDfKj1T8Q-DrUpA,Thu Mar 23 09:25:45 2017,nature
105,AQC-8Gxo2rjzle9VDR_ygZt1YDFfFXaMVdf8SrAAmUEd61v6h6DasEFWNJCNaa6QwesQkl-TY9Gzb5lDlJV_F3PXyToryfDGr-HmKbfRCnYMek92Fx6FiiYdlghStVZzEds,Thu Mar 23 09:25:49 2017,nature
106,AQBrrro81Z98MFb75NAL7ejTo7E_1yZaC-ZXPy20akrbq90Vr-pnqkMwr2IeVkB3FPi6RlSPSDHsuYoXjrAAYWK8R42UfLYHUA7kdyX5CrvBHdx8DEGocLYkj0nyLLlnppY,Thu Mar 23 09:25:54 2017,nature
107,AQADIMJ6_sj_bxiYseD2HYA0ERYpd3mxf8fDijb8tugw2uq45pu67NTYNGZYJXY3n1_gH42jq9G6NaJDUmxINOR3Rf8OJ3c9FaRNWMaU-fsrY2HsjHal2jEcwsdZAK8sCSQ,Thu Mar 23 09:25:58 2017,nature
108,AQAQPelEizTvnnwNY-Yk0dPSXzdR3FTqSY3V33n0ZFwPoqs3IfjJqvpbbpKcgh0Oau-pmCgnah9YVAFitVYpc9FrF7vQJ8ylu3NtenmwlSUmsBapGttbOLFAQsnJ_g5WJS0,Thu Mar 23 09:26:02 2017,nature
109,AQAXCFQK0WaeqlxE9B4QI9e5ZEZhLSG4mG5PJUeazcV3ABcLFsJqJ6oKvFysX7x6eylCfngFtGHXHcE9ZEWauFH5NTyZnaYClQf4HwDVb9pUh-WPpsH_qCRlafOeh5A4IB8,Thu Mar 23 09:26:06 2017,nature
110,AQDOz_8kGo5aP8YY3sjc50NtNgJk5lF1tJAy8nHo5aFKDj3GwKplD3a30hmgHu8SjAquDlP1Fqyhzpzy-tcBsxooT4pL5Hc915kFzKMPM1bBijO5IqQqkc9SlxkZRWq4sSU,Thu Mar 23 09:26:10 2017,nature
111,AQAIUJqeU6rooEpeROcscrN4fnUBedd1nW_AWXq04Vep8lpu_Cj-wOZjiWZ7fSctAchieWhSYJ2tjang91zU64R7AVXPiGXlId7bkToBC1M3Dd0vM-WX_g-bNihlLfE_rcM,Thu Mar 23 09:26:15 2017,nature
112,AQA4BAFR2jnhAoEYTW3QkAH7wwo_32ZEcVY7iE97gl5zcNk-1C9RwTeORLfcPyXZy88xNZx39Lp2cp1GPj4jBiCKjD1pbrvEYMJFAJkufo245EmKwvGM1XBPyM8GUtTU0C4,Thu Mar 23 09:26:19 2017,nature
113,AQCbunZgvwFlBvIPBZQwreVSoDeLJvC3yEnwFsk3VXwmg_NSiz1KMGf-bujlblLlO-B-gLhpKckUHctQfkxiqc-XmByU0JhbHTrjDFMw4Iru5LmHTQ87I28O2MqIok1gaHc,Thu Mar 23 09:26:23 2017,nature
114,AQCbyZAwAs5upOQBud_CsZFzNlLjP1prD7-sg-RcK31xDhuAWL4xzR-KncKtiqbTAEkltGhxlx0_Gu93y03BoXxhqdS6axmHWVvxpFdXHDdCRaqranlRPJJsAtENu6_0dJQ,Thu Mar 23 09:26:27 2017,nature
115,AQCurniRRDoRzyh5no1zj5ye1Q_IA13ofqgkN5jfDVwGCNHZKt2uxe8uSd7sDucsiH7IkhRb0CShnEMjNPyYHqQQSb2pDJWdvhz3vl8GP2Weubs42sHUXFJDGmkRmCEa07s,Thu Mar 23 09:26:32 2017,nature
116,AQC_CEu3nfiKHM5JrG6VseJiLTca6kWBpIOF1maX6lZN5gDQ_OjQ7GQTRzdH_4edgEUDwobX-gdEO_ak1KEjcGxoMncuMzlAnIFh_fzBd1rD6KwBTDzo6eZoLq16QS7z-NI,Thu Mar 23 09:26:37 2017,nature
117,AQBq4SPgBzD8lJ2E43ZkaBOVFvXB0SrXfyEMgPRDY02KETP1MCeGmm9lklv-vp8p48JuOVvhwF17obS-sKXwWb5lMdsK6EeXcB5mePP4iZa0FqqxPRKh4v6GL23urPFJb2g,Thu Mar 23 09:26:41 2017,nature
118,AQD1ZS-6kqYIHIvdqT9X8sFBCf9xM-2ylf_YpepgK7QsYpSpdghBlQRnykNljpHlh-kX50Vl97_EXRe3HLgAmoaI3SBocHgFGv6BT1AY0gFwYGYB2qGHXvvGY0NxDN6-tJo,Thu Mar 23 09:26:45 2017,nature
119,AQAkz8BOxc7ZDKgN2s6tneG7Ceth-RNBzyFBHEW1peJamjTjG88EyUBiUgnMw-QPW_7T0r3G8ZReCN05_foAUO8ojy4bfqmMEHSU00yew2LE59f9wxM09fz0xRAAtV5Emmk,Thu Mar 23 09:26:49 2017,nature
120,AQAcVz0146EXBmgQLrcCVoTz1OJNO326U0PXj70fZOSqp95c6B2el4moXyTb9UNrb4d6Wo9VD_uoxwqQfx5dvogpGI1QeTc6syAB7nXDT3BHENNDfpJPgK0C9JwUoHDHJbI,Thu Mar 23 09:26:53 2017,nature
121,AQB1GclIQ0ZtVakx1i0R9fk-7mWq5wBNtVDTgm5sT-w7QqVOreWV7AHieXXU9-tRNSjwxMUXkEcJjSobidjkqfbrnukwweAD5hwIF6i06W6s4wZlcG5FyW8rkazTk00Ks7E,Thu Mar 23 09:26:58 2017,nature
122,AQBZYVylXqthVTN_2DoymrLK7Y9OWNauxDCBECyUX5JboRl2Crb2Bo8Qg0WKPCyT32UqKKeROg_e8CN3d-fWNfbYaq2iIqHWI9aWHie9EWfFEuNYCt7_fmMDKaYHs5WoQMU,Thu Mar 23 09:27:03 2017,nature
123,AQBoFPNCA3viOy0zFyRmX9BDqdymJs0V82eC6pQOKk2M6Xi9RrPW4cFqq80cYvtSS7AA2vWw82EtwE6eYm8sG6PfTifHLlXc-EgGgrNT1ibpaqzfcaVTUHU_Iu94Itu_i2A,Thu Mar 23 09:27:07 2017,nature
124,AQDIXrLg8AkvU9I-YuhOd46SmtaOookx7foO65nsbLBFTN0eFym1vQH5IFvcsSldC1Dnz_1v7dWuwxPG15V24Z98ruV1WR5GYnkjptvRZGryliGy_T_-RTD0MwO0WovBdx4,Thu Mar 23 09:27:11 2017,nature
125,AQDTa6c3ta2hY2J29X0V3jlIyItoD8ZMBUFfMpwzK7IeONRl6WuwOxZe8k8GwSPhQ6zcHs4EF3GBRxFhVQBKwR-hxhCJPDfvOMz7_8eXFve88e9y57FXzrohTQbabR3RIM4,Thu Mar 23 09:27:15 2017,nature
126,AQD45AF84_gDjs8pnqY8paHyu45tOll3K9YetapnPyrovXKd4MbS0OWiX2PbGkgSVDJ1CukVIZTb8tawOipiEj8-SXluXWq_vcc5dB0CZjK4VBmsxOnvlL8z50Lq-cEil54,Thu Mar 23 09:27:20 2017,nature
127,AQBqydp0GK_MoLjU-PzyfyvYdM-48kVxfO5VDthXZzIiNP14S-C2k_QMZUlEOWWM01xNm3Ti-BDj-XNUPp622749wW9q6iFJk44yY_zrT4kVU5dMixuwYgtl3DKA4FEC-oE,Thu Mar 23 09:27:24 2017,nature
128,AQDs051kb1M9k3VYet5PTpbNeYKY7i60iwUMefD65UzJGuMlo7r4nm7yZcGtOLZi4_72Jc6HknuKgvyczN7ZB4uC55Sf0zasvVySr6yZaOUZ0IhYNeC8vsqSiID51zBI_jQ,Thu Mar 23 09:27:28 2017,nature
129,AQAfYjthrtfieAnjuqdGTZfRTiUwviGMKYuSwUtQxVL6cVutkD6QwrvH9xeJss1RBOxroZyhfxJoxZOs6-BPdXgBl9vQbusxVg_r4fXBgZWiWJtCPQr7a-EoZl8IbjMvrdA,Thu Mar 23 09:27:32 2017,nature
130,AQC4mve_uzvEiJSH0zRl01pHJj5RFYPhoNjTtmx7gPXIrs2ivEEYcdkBUjrkU720KE-zoI2hNXxfVHWpBu-1DX6cWdYlUeFvodsDg779uACmlmCfG6OknpXzlgQvtesAmUU,Thu Mar 23 09:27:36 2017,nature
131,AQDdKFMoOuyH9d3Aa7_bt1xh18JUFjdHScbJ3o5_U8w4RIzuAYXtdY2ZIxSoF8oZKb3I0oJXxCp8jQ5RgK9bCBxyn57RuSHLEo0F77qKboa3ohg2CboPTL62qxy9MkdnoPs,Thu Mar 23 09:27:41 2017,nature
132,AQBDRQ6IfhK1JwutttsbVPyaN033kihV7tPA3HIHPXfe7kCEv8WIev53zWjMQakPW7FOuIv0sUaIh2E0sJviQCv-O8BOaiQ7_Q2jdY0VXBlMa8H-eoIoh5mfi-d15d6W0ag,Thu Mar 23 09:27:45 2017,nature
133,AQA5Wft5G097agpDcY7kRiNwavUwtIrkiorvOT061pGhZ11e7uaaoCCPN3xyBeyCzIA4XvKXGidvL36z1NkZmmPdJECfzZHiIciqHTGPWKHW3hBiyS8RRblvqUSO7kfj4aU,Thu Mar 23 09:27:49 2017,nature
134,AQBoNh_pfxdQGk-pfroaLolyb5JVMX3SAXdo8U_BbHmfodGFRX8U2QWHHZbe62ZPjwSHwXWtA9c6r2NokGJ-eaK6D9P6EXXktYGd-A5XaGLDRszCSSJQu4vWcqo_jRvBK8g,Thu Mar 23 09:27:53 2017,nature
135,AQBW7xAln_QQkd9wSsDkbhhlWS5n4ueLwAjpWgmOHYF6ifkOC-TrzbvR_MMVpZpKkKMnqSQlBdCGp4Ne2_Xsq5-WHp88Nq9xnCyzv3p9xdMX61iR5PjwlvEtHfREmC-8o-E,Thu Mar 23 09:27:58 2017,nature
136,AQBNt1a7AR9UVUwA5dSl0JN7-GsyWQRUgRdB_xH6JxqOE_g3mfznd2QKnn9F8LqDllo6gSqmON58rQyTUDn9Rl35qaXZ5TvHttL1FQejbHA8wQUk36LOnJ66Yn6yIFpOcsU,Thu Mar 23 09:28:02 2017,nature
137,AQBre9wxeF_bneegoBDaTRe9s6VKZnfZPa6wxwxqPRbDsng9vINsT2HMmAx8wyf_Sa3iBvRSiAREUUyNhmlE_bJvvyCqD547UN8VupD1Ly57i-_HmgwFVaR4IzG2WJa53SM,Thu Mar 23 09:28:06 2017,nature
138,AQAOrIrIRVVCSXSXj4o3iUu71zS0Z4UNYAjNSxKxflMS2pttd3A6s0Yl4p3y6bzKULKgVl4eZAXJHY9dQi36M8IpQYZSBycI_7LgBNDIEl9KF7Wq2iSb_MpCvkgvTSXMWkw,Thu Mar 23 09:28:10 2017,nature
139,AQArPCjH4jo_aQypATAqCbq8ex4dcIw2i64y_XQqRIUQH4zp9Ph0hBAmNSGDvkJ96uOuDvrsf87ryHVNJmnAHwzb0viUkt267Q8J9T7jAbLHT0Cz2E-QFN7iPgisz_7_fcA,Thu Mar 23 09:28:15 2017,nature
140,AQCn0oT0-cl558c2d-MmdEwxYpvMaSVZsncNXsZboSPLEAlh3o7thwKCYOJTV_idW0cXwZ1ma-B8KgAHQqZPpfU4284ZXAAzaF1bT12xI7XyfP6oUmxoFHk96QQGY0jKZ_w,Thu Mar 23 09:28:19 2017,nature
141,AQB9fIqvFKTq6NyXESYdy6vWv2Z9uqQmrZR5DlxMM0Hc_PCQVQ03qmhuHtMoE7G16ZInq02lM9Bg06q4dTuGYNR-c0sJ1MOcHWgIlDluKGcr54Vit5L9PT7MsminYDWAMTk,Thu Mar 23 09:28:23 2017,nature
142,AQDrR1xtX_whBbfaBiB9nHW7-9AGJqC2IDbKzD-2T1USuFfa97BRw4J5alBVKlY5EOvltbchppw8HCDsiEbe_r4eROlMmejqJViAQ-mglHJTB6z15mpN3VVUETlsK2mXa9Q,Thu Mar 23 09:28:27 2017,nature
143,AQC6-q_xQaQAKqo14kQGQbpnSTIn03sI2LewIv4l7QGdC3ugf85GlOd5p0EGDzk-mZz9VqbFBshWRhaRJgCAE3RCnjOeFlIPsGsvEIYoU_dXkWGNKeLI4uCJ_joWLKm1LPk,Thu Mar 23 09:28:32 2017,nature
144,AQBJwFjRaTCo8w6S65AgIBZ7iY66mpmZ0Shw9EnTXNe9kraLZiIA8pr1KTLQXiD1UsVGoC9Lp6Hs2bqfy6jEoZrv-qJ6h_Bb9nrA3lZnstMOoSXeNMI3h-uNcIcHmnmAIC8,Thu Mar 23 09:28:36 2017,nature
145,AQDOzZbcuwVuPrSaWzR5nLDRMG8_WYeOF3L57UfJzq6LqfxhuTaPMHptJN07sPDxaqqnrImdgpwW3cfe4xu4Ca5ZNzlGeEur9cXut4Z2uinPLp9CNm-W6EAt3MVlibcLy0s,Thu Mar 23 09:28:40 2017,nature
146,AQCSMO-8PngQHwoS5oAkzzmOVvfBBlNmSmUXYNWMMFUmBrQJIuLiZjqgjLKPCc19V51529aQZz1f3Hu9ZMSGjNg1S8ChWcr1-_t4e88kjFdGAlGskl5PXaYmCsWm8a1Xs8E,Thu Mar 23 09:28:44 2017,nature
147,AQB50o-dOitut3-EKgMkBzHhoNItZgf0f7zSoiq3eIezjE8xTwlmOrg9ktf5i-_uMXitLHJ3VaFQQzgKKHC9gtCmoq2zf48BXbcuUwG251yUSfsZYQ362LKwYJGRZpvf4tI,Thu Mar 23 09:28:48 2017,nature
148,AQCq7mXwlbo03p-6rXTcr-6qpuGmoyq5dc_zkAvCDj6L6VqYD6B-CU1Lmoyr4dG7XZflGBXP140EMH47jPUzEMbLvj6z2s3lUxjx_K1njg3kRXIXFe3RRxhPRHoKvsD7_0w,Thu Mar 23 09:28:53 2017,nature
149,AQC_mNPjnG7l7V5XobzhQm4muZhYuw75pF06UCi6iy_0yJ5EQXEM9CdI9yRw0cROl5Cv01Z8z28k2Yzz3YwQlQjVT03c4BnSMg-zJUJxSjkxB0LXbC5AwsL4tiibeoPMTgQ,Thu Mar 23 09:28:57 2017,nature
150,AQBiCB7cDRCcgafv6IhoFDAyV7SRjFKE4k3KWNe3LHcUz9Peht9m_b6RovOP_JCz23DkFyONofhI_cXIUcN5kk1BFVyd_jEBstqSlpfC3mdfM47Oz-0pdsEI8KbuZ09Fyzw,Thu Mar 23 09:29:01 2017,nature
151,AQAVMYtftdfcvoKqVsv6-2yNIDIuCOwnQ-x1_MCCmoT_rs8Y-G-kRmMeAU4JurjAQh7TvazTMfz0s66xaimX5VgwJ3ZtjlcOUpSvuRRjQyzGoQ5vNf9D83ffJqxIpdx8G0E,Thu Mar 23 09:29:05 2017,nature
152,AQAnvyozU6DT-5WNrgzxYdXeKto3Bosp2gib1oXN9pVM3dv1xKE87G6DbVCwGEAXDYtWBjsi4uMIO7uudlDienWpVWab1ONu4RaJ5CzFkLiMMKJ-411vgCCJewq4OidfniA,Thu Mar 23 09:29:10 2017,nature
153,AQBg48UC6l7p4b8zcTcHGrg-80x1ytd70_x_uQ3RcIpqABp-QWa2CRQlgjv3o-zPvoV1KTenyIKQ6W3jOZvJfBSiWp2imCoQ9hoQ9c9wztEwb8CosQl67FlCzbXAeswJXhc,Thu Mar 23 09:29:14 2017,nature
154,AQAwNF1Ah7ytFFNggNZyiTWDbHlEcAWZxl6FAhUNyPvnIIeHKUdYP3UiWXm4HxKJ0VQdcOHiFk3BqRlhm-CrOrjkuIKNXQmS6rbAxVwc3GVXFKxN5CrMabNAHcxfyOH8HSQ,Thu Mar 23 09:29:19 2017,nature
155,AQC4yRJf6cGdkxA6QKKB6URZIC5pg8bTDsk9eYl5SW18j3Lqyc5cL0ZWUX2eY2mlZ7thrjmSgp8At0TxXme0iecE1O5nnR6mou0K2tPbkSrN3Tzp7kVSUO1ThCToWGWvPog,Thu Mar 23 09:29:23 2017,nature
156,AQCokWemx_T0dBmr9_i8kY_aGQGdG6EL0l3SPXz4mD0_WovUUfM85nrjUy0lim5fBboqfqRBjKbQ-gGqI457l63TrVXrzd8DJXf6oaUXHEeE8S7CfDM3jOuxNXg05DkSOqU,Thu Mar 23 09:29:27 2017,nature
157,AQD90BhMCcZ8WSJTvE23Z24Kcl-Z_Am99OLOK0NtrvW0vzdm9apkyFK_01B_aTae-vnqJ0g8v8XDgpyJ4d2VMLkTQZZN_9VzxIn7FZwbPavQScLHsvQO6Gnnraf81IDHVh4,Thu Mar 23 09:29:31 2017,nature
158,AQDRwY07sY97zySttC0MydmSzka1snqX8tWj6DmW60olanL9GIxmg0rDvxtqL_vgn42RHDuu8jhpO3QoZ6H3S-ogAlZQusdE8T4OkJ27oKOWZExgThUCYS5kJw5uOFZqNbQ,Thu Mar 23 09:29:35 2017,nature
159,AQDSKLEeFJQ-sfv56xnTgRplNgWzS2AztANEjfWxGJf5ZdH45BS-8_dO2foEmUhykijma_LAcvcMbGgOPuoiJbRTQC6Ezym76sto31mYftFU4X2eBHiqnMXoO3kRnPJtHTE,Thu Mar 23 09:29:40 2017,nature
160,AQAXK47g39ePzkNpviFo36gFXjbvBY1gF_Vsq9rGpPRjGva6TrIAiJNQgWtpas9PB0p110gmesSSbXc4OmYxYrmMy8rAqVMPlY3QIFtgY6fcwr-eUn1-qSPJ_oZjA4jYY0k,Thu Mar 23 09:29:44 2017,nature
161,AQAUWFfXk35WSN8_ffBL1uqnvCCofSL2kFeWWLZx9nmNr_oQZ8AENAvDbdpDs5CjejJP_D9iavpSaHUdMraXAP4MpEtrzkGSxT8ftGq0NN0-ZzwexGvOnd1tbHse3HmnXkI,Thu Mar 23 09:29:48 2017,nature
162,AQAnq1tE6Dx9klTSVRyQ7Xamq2zWmiENKOFLzB3QaUvxjEl9LE6p_Xxu6vRF1JpTjz0pKiTXV7Jdg3ByzDBs2nFSL6cMXtLjUFfHxF_CtnUkOBl18XwhaTUH62Ap3XEqvnY,Thu Mar 23 09:29:52 2017,nature
163,AQCug119M-P80_kBmax73axSeI1pfFiZNf0f_AHOMVomPSaGAVJgOxU5xaIn0e0p_uCGmnoHlqkGNvSOnisGBwMCXI1zVyVUMLPgz3RT0T446mrDSlFyDMmQS68asiT9dl4,Thu Mar 23 09:29:56 2017,nature
164,AQAUU3x1B8bvAV-ycGW4mAWv2f8DR415Trv68RdfDvu12Ihy42FvIEWDnvsptxOxZ15KzWVWhk-88NXdgOBXSFNnQcsIEOzi5ZWnvHW9gH6ksgUZqooj1WSxKluBAvTk7_w,Thu Mar 23 09:30:01 2017,nature
165,AQAyiW6g-KT6pxCFJn_5b1CoUGu62-eGmql6cNEPeea1xx-fRrSNmoZg3tpEraLIOnySZe1lh7z3JnWMa7qddEGym2Rz50Umz0pgl5bCuE48OvNp7ysmIQmLieX6yWAHTdw,Thu Mar 23 09:30:05 2017,nature
166,AQCRkDReP0kLynINHJIxcP97ioS8jUSSB4xhwu40YJI9EIkti5mZKvLz3wwO_TIUBWwug_aEh4l4NMJmfXvPm-13at9_JmOfQzH2P0AJ8xQI4uRxQ0GDU0TbI-3W6UhgFDs,Thu Mar 23 09:30:09 2017,nature
167,AQAT5DGH0ZaHW3mWalJIhqcnccX_7hpIYKQNb7ZirOPmyTXwdnw3oOB2Lvw3sfJDq3IKi9rFcJff5tWMjhWRmcrD4E9hOvkaRO4w4ImUkW-gfjohMdSctLWOK7cyNs_F2D8,Thu Mar 23 09:30:13 2017,nature
168,AQAb9gA1cScbBYr6Y_SdO_YzkJKGe6A7KdYq43AXscZGkTzV7IXpgA78fUxeol5ZsMhi_fSxw8t5dKBaRdhvL_ABMVOfKA_k3qL414q1SOrNbBFLU9FLxLV3sE94L1MDnsw,Thu Mar 23 09:30:17 2017,nature
169,AQDqukVaE2bjdH50bRdHGvMKmIZmwFnXeZIv6LbXpEGnng-RygtAhyRfiJD3_Sq2Yt428jLRbyyZP-3RNNTwORZvt9hlg2XeFt6E6n3PWBgT7GE4tSprKi3hWOoB8oTzbMw,Thu Mar 23 09:30:22 2017,nature
170,AQA-uCWTJ_Sdy1zLW-aA7-Wr_IWMrmKAG3zSBsEn_ZCZsOnU0LB5SJ0knfHhsPOUYrUSt7GB-yhDVpnOZY_bTxuM77opeYKwCBkqbNhBB2MS1x0zC9S8ZXvl8qEDvmxJb6s,Thu Mar 23 09:30:26 2017,nature
171,AQCm66kvCDDGyXtSzmaj_f7qwzQ2M4IHeqt2gXA_VCXBHLe6yXpWo8eT1DfuYpmRx2diXUwT6reMGsREWpdmG0d_03K7iOhdfr6CiNocSvATXJJ-uUN7hYpkfgy76AhvnSU,Thu Mar 23 09:30:30 2017,nature
172,AQDf8HrHKwNG-K-bMVm_xPsuSgikrTvpmZMnaAfR23Rw0hUVjInFhfWpPX7smamkxK7twotyPhb4WbqTzjHCWDEDqbjltu6G46F8wLEH9N31ETAySlSPsKfVNoPbo5Cqz3c,Thu Mar 23 09:30:35 2017,nature
173,AQDSMRIfjOEjlaZbILLJL8byn9XKdcPzbZ8PrQLecNHYjunOyfYKNrlmIbC0CxEse1cEImWxTiFC-MqvoxzYVL-JsNK6RQQfTpUD0mtwQEQ_0GZLIFReGSO7qKg2bCdP0kI,Thu Mar 23 09:30:39 2017,nature
174,AQBFL7tBF2jiygS3oVeGonoy4Z_L1NLBfJ8nqiaQ-PhvQQqfv4V01KC3GzwS3YhpZIYvnsFiArcdx32ca8_aU8kN7XwP2dQG1HK81Q9Vwli_tN9KktvOrym2y3drHWyRUMc,Thu Mar 23 09:30:43 2017,nature
175,AQBpUJn6jOUfIvPkQyU_EvjAxiFwUj5_b2QRibwuBpmpL4KMs2holX-MWaXtFYPoR1wRQGljHMxCjaJcdLxDCsLMq2A6OuMSokM34s_LjbDiclQgqCdH8Kr3o9VG6VKI0dY,Thu Mar 23 09:30:47 2017,nature
176,AQAEoi-5ZPrT-iLbQ6F6tqd9IAhqnBKXjzZ5aPYNFotinyD2MtdRPwRz9KO8uLfzNZmzrDlg1_vjnYGIk4SVqqqoL6WqxkMD6RMc0KZmkat905Gqi80p2jIwM9nHAvejKTE,Thu Mar 23 09:30:52 2017,nature
177,AQBdRpHwBk7vC0BZDFpZUDONo6pHarDs83qweCVVIg5lMV8m6BxQE_3t3MPqvIoNekeeyvih4n1cqLbCeOqno8EVn0czKiN_R0_hZACn7K1rDSrHPfGj8He0FuOs2ryPKnw,Thu Mar 23 09:30:56 2017,nature
178,AQCwePw_3XIZITOzxhz4P7g24BAGHAE6wXn9v63q6eTmU2EvIZYGh58IUlW9JJKjarPI63Ms-ksmwXCgmhh0Da2EiRYlCuER3iIwcDG7NkHNd6tLswndnrTchNybkcocZ84,Thu Mar 23 09:31:00 2017,nature
179,AQCn_NLurvRVwZQtQaeETvnKWHHXA_iJJa4DB167AYjC7HUoGtt4aAkBCL-v1QLY2xGLAaNyyN0rWp136UL2f8ghbYgEG8EOj91tqb2YsQBmB7GL_F4sdqmtPmra6eQdOkk,Thu Mar 23 09:31:04 2017,nature
180,AQCK5wqKtlaJpPW4qirkiOoXgF_tZkN-6EG3_gcPy45JG642hQT4I1XqrJK3AHCdiOS7fWrWVSrRIuxqxa9PZfiULxCyjOPR0xKxnKG0fEu2Zb0cuWJjiMwMa7MX5sTHzmM,Thu Mar 23 09:31:09 2017,nature
181,AQAY0qpJ0r9w2JWoBaI6znStCdBH21Jk7xpG_vWrAR80bLI4cwE9_wVyTyrRki-e8eSHSwUS0_9wAYTdYe7qxNTLh_IAwUbgJPPWG9rSmGPWtLrTGKiQgDusOIQoPRTG27M,Thu Mar 23 09:31:13 2017,nature
182,AQCOuHSl2-OkU3LmrADMZavItY3VlqnkivweeVm__BkuAxCLDZ0fBTNF5iBwgfYO_gXXIpQRoGX05VWxWCgssNItZZHNsdidgrdgNmqcZSkDMgnf6SJraK2vXLIJbLiQUTA,Thu Mar 23 09:31:17 2017,nature
183,AQDxocM9nCBqQhRZOSie65mDr_xD5dk1dKnTu3Ldooq5KS0UMp9lRlMuJLImEyz9Oa1dXVWk_oa8ADDy5wrgelvTDhG2MM64DH0h8yhEgBwwT7nLMCRnf-euikC2LkdW75M,Thu Mar 23 09:31:22 2017,nature
184,AQB3UjlmMa22KFNrW04-YW4ETvnHai_t2vADuv9KYUA0KZL8RgLXPCv3aT1JLsBMPmaRwThZzxM_WKO-w9aMyeRxQAgmSFy7UvpWy3sjFnrAjobruos67Rl_YudrMcAdgUM,Thu Mar 23 09:31:26 2017,nature
185,AQBd2FhfRzsABxEETFK5W9XeiHrQhzkmMDFX3lD2qsRtJrifth6WIDN09csdzt4GuRgSlRbYV8WPkJPivEBe1K2HoyGg2_5GlSJNUx4RxvzQMBu9j85Bt9ElK1qdIym8oWQ,Thu Mar 23 09:31:30 2017,nature
186,AQAxD1pmg6WtVvg4CTZyctcfgZjbH40ZL7yeIH5pVOEQ7SnuYiZ8Wy_InEHjtZdms216sACpyQ3j76oZmVEIxiOm8DblAtj6BYv2osuPqQE-FKghgUOi9VoltVYRYNPrGgc,Thu Mar 23 09:31:34 2017,nature
187,AQBQV4UKMiImuClw9EQFa58WBF45OlDlfAN5_c1nHNgVIHT5sd6arvJXDBEs1KFQdvuCpXFdK5nmQnMkJB2uDxNACqRl0HYQOZMsm8Q8pgQatshi_AR4C2osWUxj0a9DYJo,Thu Mar 23 09:31:38 2017,nature
188,AQAdiibflC2Mm3pw3iGktTyc49FvlYoZyYBtEKFgb0q8UhSlwMG-E3gBXeQ_jLvvxiluh3bYLOqhueNVuhEVRMWehmC1pYZ7Nc16NylF1rLPyfSgEq_HzLX0Bf3R9hkpbho,Thu Mar 23 09:31:43 2017,nature
189,AQB6vy-5RsgWThqTdaxuPHsMeeAfcDF_kv7OYcb8BseNdd0_S1YBZtOMjxZ2Jw0cG4OAeUljyrZ1nI7ly3Tr0RirpDkrFQ_jX5rO2XNPf2zz1JpOEkXkS0vRDYlr3VaBL94,Thu Mar 23 09:31:47 2017,nature
190,AQC4fM78-RD7OzhQFs_5KE4dB22_Rr16LOdx4idHi6TsyzrTpxya7fFiaPgMdQgMKeH4B_FH9CugEwwpYmZYk8IzqwF4xrb0SobkCjI7o_A0Io_Q6RqD69-kEoAeoOmONhU,Thu Mar 23 09:31:51 2017,nature
191,AQCNkIbB1-l6fk8JS3qaD__iPDtma7WJ3nNsWxkbVzlX79hlZ_tM_1xaJeHpdAtxBw4j0yTzq-DiC3JiptOlO3QImKRXZWv5O1x3zCda664HbUKPH2nyuAmyO60V5_xsYAc,Thu Mar 23 09:31:55 2017,nature
192,AQAY9TBxF3HT-LSh14cY8_so188zoiiG3MbQnPjnRaeDNJjS1vVHL51lSzBBBLNJnfOxJsuJN4SlKH8myvU3E9KvK9uyKYoRV2gWXn_96cemG6GI8XrfrkfzH1kO3vqaSFg,Thu Mar 23 09:32:00 2017,nature
193,AQBo2Kv3LhDfpgPLLrHj0q4R0q4Qv9FZn77HSFfJhtrKtaGtXdpfR_MG2HmKUO8ERe_H2xxVJ7MSie0ODsNYOjT_y7Ivy-gdTznnc_WXoeYqK3d23459idLuz3Tpc_-icW8,Thu Mar 23 09:32:04 2017,nature
194,AQDqLE1jlJnFFdoZ3lP9yjc44O0mG2sxMJNgns7NU3L1xiJ-48Phf_tUW_6IuSSDWX4lo91e40Q1uR4Ivy6ycD968S5PePRcPPbaZgY2gqEXpVxr2_-FzttW84MGNsDz_Lk,Thu Mar 23 09:32:08 2017,nature
195,AQBmjtie2n87FjYfoMtU0aA_Tb5hfejNigslOZWAVCP0Y201oBgULI7K_BFh6G_BWcuKICMwbtEE_WXXSXxOml-3Z-CbUtvvYct2M-DaEF9YAfme8-TBamjtjuogQMK8h-s,Thu Mar 23 09:32:13 2017,nature
196,AQCLvpJ6P_kU4-Uo2QAUmqITszPDnXdaDq7Fv96iTPmSimHVgAbowMNKaVKS7tZYRmW0vYFcM0fKTSekFE8GnbP39IgGJspS-Fjv3Tul-HETyFwacu5y110IpPnqrssxmg4,Thu Mar 23 09:32:17 2017,nature
197,AQDiKdxwMgwdvnrM4IUoGlTR2BILhtLOAfZJZFyY_vEJCZ9MVdddHU2F3jQ2Csjddtl-tHj7ttq2UjrKvjjuexqFjqW5zbiQubj1C9t07jy1YH6b8ZicPMI4UQk-RzxbGgQ,Thu Mar 23 09:32:21 2017,nature
198,AQBH4DEDyeRo0ciG6M1agtOhHfedUogDDlecKtXqSuyH98Zuojg-2ALK9fev42TZlJZIUEdHWfvo2AWEYMEVve6E-xsFHuOh1mnXhP6ZxEI3xz-4PvyTld5f3frzhoLwpeo,Thu Mar 23 09:32:25 2017,nature
199,AQCHMf4ULQQvz8aI5H8nLwGiADlcBusCqBA8-uMBewyRRlNp1VuorJOXsKtU-OYmA2KQzfJw52Rzws1li-HCprP1LWvO7N7RX_Ari6LZZ5n2im1sQPQ9nx2mWSg4wb1pipI,Thu Mar 23 09:32:29 2017,nature
200,AQAypALhpevqLmBwCXYMXtH01Mg42scdo_JGhGw6XtchRAzASo_t5QoB97Og6NEm4ZlmZ5CqGNqUgxjq_DHAwVntsZmOWsenLww1gE6TJZliW2qwsXmOcAsfl2-Le7klxbo,Thu Mar 23 09:32:34 2017,nature
201,AQBRiTfaibxNFIqP6pzIaHKJSDp3wdu8RnFXx54zi7EVgP5HmvhdGNXbDGiJatXpbyrZ7PjemzGpj-IHEibpv9gv9Xc5rZziJSlPCPQlV8zNow2t3uw9CDNam-ShNkemgh8,Thu Mar 23 09:32:38 2017,nature
202,AQCWXUUkRzQL3qrAREDJBKXvb2JvIpVDd1dDk2j0gm3zfEdMJb4v6NsYA5Gt4lZ2xD4LI4mIpE96oruZJv1NF8I-2jfWZ7tRuFEkhdesT0H1l0szMEH__2EIlrlVJzxh2bY,Thu Mar 23 09:32:42 2017,nature
203,AQDYYqzfrlzrogeR-MWZS97KIBix9wk2osXNMKo6i66I7t21uSyW_aQhtM7D5e6soD0IZd7WBHLGcfKIAruImL9XPDogNdVnKLrDqpp8tcwX5fMIBZhKYW3BOaTIaUUnDNY,Thu Mar 23 09:32:46 2017,nature
204,AQBd22q5FV3dqS4bPePHDbZUZC71c5u83YKzFYc0yYBdjkjEh7FaXSNuJuF7QH1jHZKiRsJ30jrC_NyMvXHM-d0oru5oeNdm5bj4FqIerudIlLSrjxwcq-m6XGIpqi98gVk,Thu Mar 23 09:32:51 2017,nature
205,AQB0U2HGanIZh71dO2PHdDqsfAOs8zEu23AybONpLrlR-y1fDzwZlDKwvAKFkhhl7W5ID9g3eMji-3tfAClDr0I7nSBl7qk2MpXHRvq5nA6HpTksZxKHASxmqhT5xkzWsW0,Thu Mar 23 09:32:55 2017,nature
206,AQABWGlICHUO5g5K9IencFFEH81_-oYWcqxQzZMkayDQNgat0eUR8bU3gO3cvXGs_l1L4mEbqmgifqvnjVn1Q8RhCS-GrJmtLG6wddNoPGATivqDzUR8g7RzDzbHLlkM2ZM,Thu Mar 23 09:32:59 2017,nature
207,AQBMt-tGi2NKlh7nRcmN98kzABouuEnHuZgyXezDSMBM8nuAGg3d03ViL3W6TWptc8hkIgcvOW0kLYaz4ru33CeRqImT6UvRDH4HM-4wUMUeu4ChqpBrl8vqveGahYC4Eaw,Thu Mar 23 09:33:04 2017,nature
208,AQBOr2Y16Rxhy8Qmly3ZigTe5Iot9PCQQGn6h8cajdP3Sgz1_D-z5zyg3NXrSfXpoC317qrk_5N46JAwlK8u1uatgw3aeHjhazUGlE1wNkDoBTApnNJfOA92pTmdZKsFv8s,Thu Mar 23 09:33:08 2017,nature
209,AQCQWEWbKCHISN2S4tqIHoYu03f-U77CPIr8L8UTj3VUtnSOIKpgmslLYYLwAMQttzEqU3TcLZf7oSYv15ZNvoNEXid6087uJ_QLgODORPhDzw1QIUJ-Iby3PLbgrLoKQb4,Thu Mar 23 09:33:12 2017,nature
210,AQBnwc5HhVfk1jB4NsBCql3nfR1U61C-xWF7cxk0KT9WPZAtV56hnXyzKCUVRJo2gA_awIZVxoMnvKVvJLvAY0T3qezUg17o8WYgeD1AcAI5WVLfMmOlduFgRZySnkEB9xo,Thu Mar 23 09:33:17 2017,nature
211,AQA2gpRbQ9lPhLbyHnzyu-ClMNsbtg3sCAm0eusjPDtk32B7EXn9sC8y03Z3Jr1LNqCZFzAkurYpLqyl7xonHjjPqwqk7gpk-5IkEW9yKXllp7NGYQjvyoYMNE1xtUKvSdQ,Thu Mar 23 09:33:21 2017,nature
212,AQDsjbVth-Shl4C0k5jTRJdrVMlilU7t-k4z_EgUgo1k3YgJPqXvEhCavIyb7-f5R1SJQCu--igOpGmWVifAk9bair0HZhfcvKeGdex4OZZBFofGfVGcD_nTONAyTo0WpTM,Thu Mar 23 09:33:25 2017,nature
213,AQAiCkdM3dFMO5U5EiKKTzqpJQWXneWW7D1KYpPVCx1TdG8XmQVs7aQenG-FwwqUkDgweH0kuCnAWz_ir-oVgOTp63Ubv_6PXjXCgQCR1Rw00Ap-IED1oZcO9vDF4VbfrDw,Thu Mar 23 09:33:30 2017,nature
214,AQD7OEy093iC72uGZ1so21EPyXlDRXAf_wVcXoCKyf8fjpuA1Oxtkx8Sly6q3IsPdm9lqa9aZQcjuvjMmvds71uYBz5MC7wPqaFyg4JzSAN55DT1YdcfcA0NM-SULnhJnkY,Thu Mar 23 09:33:34 2017,nature
215,AQBJYw80lbdo_ZyUHHHhNih3GTzYndOaQM6HBSXqKKXwT3pja-P6sDfBhfw3qAXeBle2Pzq24Oz5taHrpqHaKysnCwtHXkDl58u9wmfXTjAAkq4psz72xu4dZDvoiIXprxo,Thu Mar 23 09:33:38 2017,nature
216,AQDAiJS8zkrpuuUp3vQ09uaQRV253CZVZyKmmZnbwVNdqeHmoipxeolLgMDXNjXYfuvJ6KqufcDrBwqNJs8ZkgxY6Lb_fu4NlFvmapz7GRZ9dUxaIb1yKX6-vLcex4RzYAU,Thu Mar 23 09:33:42 2017,nature
217,AQCzAZlQRWyM4aXD-rOOU7HF44ubAZFuLxN6Dh3QfxV4Sp5Tx-5MAzWsBnxU-6PiNW8Rwsf693E5N_02bpdzO5hX80VKQpvDqpqUEisF6nLkNUby9iewUg_g7bBCS3BSnzA,Thu Mar 23 09:33:47 2017,nature
218,AQAB6Bg2y1MYCIy5sO67PxaNvzWTabKptinYNA2UJx2oqd4ckmVYlhQuHOaQWYdjOT0V4mZ_ZSOZGko_8b1B4epeCi61HZO87Y7Xgmm8GmpUI-A9ffFx_RhiJk9tDwtkDoQ,Thu Mar 23 09:33:51 2017,nature
219,AQCMm0eWA79yWmbHqts3rnUZQbreFGyQrLnbV-CPOwxsv7nvikP1j_PfpUGtdFNnR-NYP9NFePs4YZ_P1L1G_5bSnMqfLtJbsVvg9475KiY_3JmD2uYvHp0vOytNBg91R30,Thu Mar 23 09:33:55 2017,nature
220,AQDxSU1HQPdDyT7ZGNs7QGGRSeWvaNTWzibn_VHRP3PWkYUjfmREyYgCboHKDudweGm1FGWWhp-JhZQOfQcoPwMbDJfT_6JCnhz5_ukaFhqqQ95D_0PsPVclAWlLAQlKNyc,Thu Mar 23 09:33:59 2017,nature
221,AQAmmjmVznXm7W3MdUpAzEbGz3q0mcZoRbIZKI2S1Lxn85o32WMTpqDxoPvpRgGhjKXn8WChiP09I47MwsBQbRVijxkUel_RsX7xveCCHuie4_Bwa36l_4FW-1NuShO6zeQ,Thu Mar 23 09:34:04 2017,nature
222,AQDeOSvwkArhqdxXXWZumvk5u7KnFWsaDUieoU1O6M7g_WCvY0b5IpPtNmoc6izVSpKfPIDKDBw2GaBSg7Q0ZaFrMhwh8IsiluSmscuu3K3xh7VqDUk26tQ-jRzYxLChjXo,Thu Mar 23 09:34:08 2017,nature
223,AQAB6cl-6kDJ7fDVpe8GlLhGh5z1mYsoyVaOfUAdaUdY4upIdlCmOLCe4ANjzc_ONFsvP9AhOoC470ax2415dxT4WANTIJFnaEeM4ZyPnif5v7v8IErWc_gdv5GfxFEOHQY,Thu Mar 23 09:34:12 2017,nature
224,AQAE019nptSD4gQ_3Cwaa857SO4dDiW1guiVcHBXo__VrVNju2NldJ5m7ZbVdH418slpGScfTdxq4uzbh1ty1TCV5WDqlyAmSEmN4tDbV4Cw_AUdKQdZjVpWFwFCVEq1F6s,Thu Mar 23 09:34:16 2017,nature
225,AQBI8shqNhzmkS4ThlvoPriRvXYOc4meFNrMMUGsi4wi-nCgGsHZpc7KhG_SBmalFl_t2y3rFp-1AAKJPkPz5k_LWG3a5OT1qz1EaF1BllPL9ogF27e-QW30yhsm3f4EXEQ,Thu Mar 23 09:34:21 2017,nature
226,AQBuBhHBOE1pXM8I9z2qmZ-AfiY-aP-DhcKA1xU6Zdz85phwrPUt1mxx-KkizjJsMNCyI3UR6BVw_QjhinWWLyUaa7BIQed3TQrvOfMI7kZ_bKYRT6xHe-VikGipEObC00o,Thu Mar 23 09:34:25 2017,nature
227,AQD-peWXaAcZYm6R0ClDhpouevRz-UWlPiQ02eXz6Yj_QBJBKM0e_363qQwX8tkN3i3RvnYnZOA2qeZirurkof2I2cfh-s4qYVbhBg9KDI5GUUC_D0IhiqWRFtxngPPpI48,Thu Mar 23 09:34:29 2017,nature
228,AQD448woLO7yqV1-L8VZr606DwwT55G52xC1DIAw3ffQHiwjRCIaEnaD4kwBFbznuALOp4uhEXB6LQCic0K0rpLPraJ2xZ00NQkRznyDlrFZnvbojb2Cdq8DfIJ5lDWz-tQ,Thu Mar 23 09:34:33 2017,nature
229,AQD9LGDjGpI5qul7CmzeKDx6z7dYb88Bqmb5HdXqedJ603nfuyC1JYJigE-ZT4tn0srg-mbq-7Yq9U-mLhn1GDzm51p1NLzuqtlBSoFsYfXPmusIVeo8E98dkc_xb3Nyto4,Thu Mar 23 09:34:37 2017,nature
230,AQAMKZfR0E5Th2SKnZmM_pWIuWFxq7lHb179RfPoBwh4_hCqbbVWORLxxU5lxRAufLbFbjmY1nzfACrR9ldsXmav1GgCYTROKmYAyKFNGp4BMvcKh9CRPtGqz-v0-6CAib0,Thu Mar 23 09:34:42 2017,nature
231,AQCCM141fcil3_cVr7rEFTzNfkLz6AHbWcCtK30ovZQRAwrZC8dx_wM959IlMNBwfUPGS17YOo1fHOSM7VUNXFHp4wPo9XNWzQpwyKJKtVF9CwIe_brGHbmJFrjCyey0cek,Thu Mar 23 09:34:46 2017,nature
232,AQA171Vk-t2RofH0mixv5yAVg3y2lPGaP0_4t1a9CdHOBRJxuqNj9AEKQLiLC2sW9QLIfQ7b9Cl2C2wdQJvI5mFbApO_kXWoGAPVy5ae5esekoaeYPNQcVFqTtPwSvYlKmM,Thu Mar 23 09:34:50 2017,nature
233,AQAGLwTeWhz-huJSN5vPcNlPXrrNQg585RMMRIDuaSKJVXPfivY6jCNty6byZj9dbQZgTXx03Iq2X_JyEV0mW4HNjd58afexHw87O6QGk7L89YQYR5I526BCfI7f4q11GnM,Thu Mar 23 09:34:54 2017,nature
234,AQAsdL7BTmhLZiqTDmS2TPcCnHF79FvF9y-hFXLII_pP9GM--KGGSWz9QwbcbJ9dS3K_SRy48Y-SAMOJjZKB7fBg6C-uCT_bN2yVS6DW0sUyLi6Dp0qQDd24DzhC0iEuiiQ,Thu Mar 23 09:34:58 2017,nature
235,AQD14kp2STZZaR0FHhf2g1eOU1_YOhcRqPRWnV6y5TSaoZ4OXhfb-l-qW7SYTEUVu2QSqYXOn_o8K0u5dc5gdZFJK4hB36Hwr3uTH5U6yQJsI80iNJoL8Z5ep0WN2RFB8lg,Thu Mar 23 09:35:03 2017,nature
236,AQCG1Vuy-mUr7YW1FDGTkifgLL_vVSibaT43ziFgPh94kaZoznOW_G92YdpHT9nh3PveyrRkKWSH6YovK0liVTNxa5TkFhhLW7kBGlOJsanKvE6yz5_VJ1zXCveVStA3AJs,Thu Mar 23 09:35:07 2017,nature
237,AQAbtnXrQHmzK5uiDEL2N2O3fUh4VykDzC-1QvMI5PATI41AOt6D6yr0lu_YGf-PDpyUya5ex0GVUfRzyUaSHYQ3Ben57_LvWMr5xQkFvnR7krRxHIGHLeCEloS7OVemnfA,Thu Mar 23 09:35:12 2017,nature
238,AQDoFce1RrzBXDw-pygNzP9FgdCSRLtGFuQjlNEfv_sunVUvj2SWwAyMik47T-QGQD_JICGOWvmSVWGzniqUYenRInAA7wCpezGQrJn311ggIlD4PtaUuKHjMybHKvYvtkY,Thu Mar 23 09:35:16 2017,nature
239,AQDCDrnunCpXGMosVib3bXKy7bGnQxZH1zhyHdSHrgS0-bYA2g8VysObm3ao0sMOYfSRQ_wNChsqyG85M-JG9d6w9uXCOe4EgIrK9zCBl_oZ8mht_om8QNL90e5pNGI9-UQ,Thu Mar 23 09:35:20 2017,nature
240,AQBpbsKDAj1Xl9H7TUUQfgven8GXcWD_g9TWzjfw1CtjpSByh4MqODRB6XDsLk3Wg3kFknRUR2CHsLUCtQu5N1AbnT4c7W_M6Hp6FH_mQl4l4dV4UwECN8k807t1SNqaiGM,Thu Mar 23 09:35:24 2017,nature
241,AQBkicEtnHQ_g96cXAwD89W2mjaiOgM5s50N7h84BxOjs538tWXI5SovmBDNnazU2ti35sPcA-hNMWu6oDlfnxR3npcDoTISXFmvL1N9Tkuf4PvvnSD17RtwfYBUVExodPU,Thu Mar 23 09:35:28 2017,nature
242,AQD3ne4CszdHFCRP-NwteOPRT8OGVBTDy5IR9Pam2q4qSBg5Get5FbYZ0-IGPTnw_3x9nsylNvsjh81bhWKxm5Xx8JFiV0XxukcdHqiDGVvuK6zhFCFahUqKbTGgBewY094,Thu Mar 23 09:35:32 2017,nature
243,AQBRoV8x878dC9iQE7rQVYKWCM2oCmk1_B1rkPPzB4NoodUMkh56gIz5XyI3b_8H71bn-C-eRPnnmqwjQssprnNu14jxoq3HM_R2Gd4pyPvneywNBCJGR_JUsOMTzhM3WEw,Thu Mar 23 09:35:37 2017,nature
244,AQDi_cSV-3kylyzQm-aM0dNhbxPS_u1UPePXVfWam0kS9NUajT97nL4pVOQPnv8GI3Nz4I2A_6-3HQCiBvLF5fjstW7TFLY-gXbOhEKJnNIKSDKFd68FwM2IyQFgRgrQWg4,Thu Mar 23 09:35:41 2017,nature
245,AQA6pcSHsRyo-yu0yU6-8QpdVxjk_lPbQOanS2kqijSaGmWjZXOM6YunuE-xBcAKzykrDDN3NUMylixpy7S-IqJbNxwd9AT54kZjKrGlgPY5tunIKWJrfuxCfSakQr8qjXA,Thu Mar 23 09:35:45 2017,nature
246,AQDJijmXI86yZnVMw8mOdcyVBOqhfk3Y99Xl0k4YYPIEHNhnoyeXvZ65zblVwn5BDQj5FCkCWyPfhgLxN9AuGXfyqIjjySrO42c8qnFGQQ_MZYAAplI9fXzOi43fyuMuqi8,Thu Mar 23 09:35:49 2017,nature
247,AQAgYj_cKHVfhGxdQ-i-4qUS1kWuFg9thuYKSNQrV-HZyZFn9bKhNclWlhkrxi2gKlISt4xQnrMCDFf6uUFzh5LV0XXjiheyv2Q8fmyB21v-5EFGgobza1NovaoxXOHNdrk,Thu Mar 23 09:35:54 2017,nature
248,AQCMeq1bNGbU2TMajooNWJQq2Y_qx0HkOc6b9dNXFrB11O6DBR-6t0VRSS2Fp5METNfeamoQiIIvZIFA4TkUaVU9ayeJmcldRAjBgA9l8c8ZaKg3ZIP32a8iL-Xjt2pGqzg,Thu Mar 23 09:35:58 2017,nature
249,AQDNE_YXkdAxBKZ3BWgw_5LuMOkOoa9Nor5IAcWsCFALYC2TcQQ4jIk3AqcXTCaT1HF07EkM8hQNy46yNYbQM9dF_gW0S2Xd0ofdwhkEJsnZ7HOBUuTU6bReEUgqb87khj8,Thu Mar 23 09:36:02 2017,nature
250,AQB29dAm9vc2efCh-obxEtxMRuw0uUvk3uho_zQhkgUUdhfRhPGrX8BzMbAIPo6knXfExfZI0-1fJ3LxvcsUARJ0OS58GjSNnR2X2M0ueUaw1DroAD6m8pYmrUTq2bIna6Y,Thu Mar 23 09:36:06 2017,nature
251,AQDpkV_Nl9S116nR4pqlY4-s3igka9RXBx7sep9FRbGt0YLUEIxC9PeXglu__daOwxloNXoJtyyzxCJpy6CcciS3bttsejwl9_TgKRSMwRqntz4m3a5H5n2EGcQOSM2gXlk,Thu Mar 23 09:36:11 2017,nature
252,AQCUYUkSWGHU-kbx3V7GYQeybBeT0wptNKpIBINP0ts0WBuZPauP0qYx_ykrqnWcBGfCQKvxmDfcpPzBvrt7qwv5DHqlt8_l_3HPGDF-gPy9e9SkaXSBWMJyuM5gpFm-dYg,Thu Mar 23 09:36:15 2017,nature
253,AQA0R8K-wvOONRLmQWcqsGiu0vUbgN-8sO5jAT5qmdtnFYa2txsDj3l1d7qfSb4xCnZHcPy8k-c4qfXeDztI0WDqTRps7QFfJ-5hwSllEKLHXzA6YoRHkbiXLl9JMsOKL6o,Thu Mar 23 09:36:19 2017,nature
254,AQDilPObFhRYDV-Da0w_Qejugpyr6X_MdCw8JdR27Wk7cgz5tvQHVT7OiHMaVWib8aKDe1bLzYieX7GzeQg8d4jOKdnRHgCcDXhzRfXZswjIvQe98pMTPJEuUj6WCG0V-4g,Thu Mar 23 09:36:23 2017,nature
255,AQBRf273I89xYSQ8j2nBIehWWOrW51gXR7kpL-djGZzPGgum-nFVeXBOVJvTyt16yZr1K16A4mI6ep-CSFCaAl67Uk__BjrmquzP0K71Xkom2yFAUZ3uPu52snFxXJMuZ0M,Thu Mar 23 09:36:27 2017,nature
256,AQDbTL6---lt0PIKK-1ZaN9G7y87ii8qaZvIErDSESiTjVRjzHiVYIr2qkuqO7EKXLivBoH-ZcaQ9suhkQ6-EHa8M4BnI13Cyro1BjI-fhjuExFb3b6-dXzgUTiJBuqzTRY,Thu Mar 23 09:36:32 2017,nature
257,AQDpVDLQ5rrOTknxpmfvnNe2PIAun_nQWRCYcSXaUyvXGMBx97q1b-EqDNMPLaw9h3HeXpw0LEJQTzOiq20g9fZ01-jkXg9uzjrCQMi5-pY8G8z4umTzKZTZbes9dwAIums,Thu Mar 23 09:36:36 2017,nature
258,AQCRB7MCFBOIqYsFXcjvwdUbi2KKKxFslbwm9qw7Gqo1KyemRYR2LMDdx-bZ7BhjnfxfSaNwxP0kydeBxGAbcTzFfYf4I3CLcI98IZLb2z93AYmJ0W1WyGz71F9o83Rcv5U,Thu Mar 23 09:36:40 2017,nature
259,AQDF9RptZJKJBhfQvZVCY6kZNagMvmQc377sGaDyBErOnx4FX0AQDIfIiCfa6wLpUaYsg0-2VeXXfqSd1ZmdTBLJtpRKKxGdj7ypDBlS8ZPrW6B0Zw4tdKmfV908p_02JWQ,Thu Mar 23 09:36:44 2017,nature
260,AQCnSydulycesgicumvBwAjicxOT-23Shvdq4tovdpb3wf9JE2tRSGc1E3O3YHjU9MRct-L0gGQB-MhkBOs1mVvQM9eoxg3HHaic_3Ranf3IibMVuxnIOtjbQo4m2OFQ_Nk,Thu Mar 23 09:36:49 2017,nature
261,AQDavAisFDaCaPxbQKLyGH7NGTz0WonpNLtJ_riICUN4jNeG4fw5qgeX_zcCQmllbd5ApzOHJedAkJDrAMyzPJ3ekAe9_w3AQ8-H4WjEuRZ1VofSzNKGEGsj_h8X6B0VxvE,Thu Mar 23 09:36:53 2017,nature
262,AQCU_LeZT2brEeaHf5QlugPTOuGui9oikQNxTmb1iTZwr_-oKzP9JC5qqv1g83yCAfdeCPc5-tIgzH3x11bihJ37psgDthcvx-5LupmIyukZq9A0BkU9uTq4ja3YFKNRwKY,Thu Mar 23 09:36:57 2017,nature
263,AQAYjFDtdtRsL1a79891J99r2R4KvHqYE553AQns7OQ2u36mg9xaxWmqxUGe7nBQjHzMEfgKJUhgwVVXM5lYCjU5kz8Dtzt0SH5OgSpKtYUj4uwrJ_qdjQ9xYAQV34oUYuU,Thu Mar 23 09:37:01 2017,nature
264,AQBb5riLEsyVDxaJD9NAD5QBafwSUS0WYfSE-n5cqE8QojQwJL_CofAboJZvrtf7uqIWWkr2zLmhXpy7ZheNzJCDgonaGZhuvjhWd7zeYzDizj7W4rWNTh_pbwZ1RsL5zVA,Thu Mar 23 09:37:06 2017,nature
265,AQAiF1y-XImBOugYALaxDTNt2bbvatG5jvNaFoyXZpuRw6KacKsAaeon53DiDRsZzyRtTHAUoCcXdd_axkzz1KdgQOejkr9E6Ii2EeCjNKU5irT_fCZlTtggXfKcAbcr_7c,Thu Mar 23 09:37:10 2017,nature
266,AQCmf-Rxcw8w-Gnx5c8dF8YgFoQz6L4RsuqKwxL1K3hxcV05OpkV5BHcDqPaClRvNV_fYY3K3UxnPtmXEqR6Hs1122BX12vyFARCR3NSgW5wMEm4Ytb0hqJqjLRLwF3t138,Thu Mar 23 09:37:15 2017,nature
267,AQDXfr02tRX73BNIX2tJ8aMtF55LBJZRyVqE6x6tmTZ3kXEAaIwZ9atS9LXDNiaTnT_x9IPLESAC5HpiR3H9zHlhipPEV1FFAWkRyzO616PgVqy33_P5xuR6a9FadNxKKt0,Thu Mar 23 09:37:19 2017,nature
268,AQBRpagf8iXsZuFNJfbktBsUNfMzG7TfAhPYYNBBFF97ARq66u-tRURcwJE2rszNBmaz3Dipw5miRjMQ_TRERu4iNC_dvp1UNavsfQ_XsdguOHoo7s0LaqarBgoiUzksESw,Thu Mar 23 09:37:23 2017,nature
269,AQDxW1-wluiayA2Abzxg88rX7ohtQTWbnOdVS4EIWcEeBARFfLwqHIJ4qfymOj84D3vo8Qj2uEmGiKBsJ030LtV-uQLnufJ3Gn96wf7dks14MwUQjCNQdW_0J34QU_BgcdQ,Thu Mar 23 09:37:27 2017,nature
270,AQDeE4gnIjMUKX_SJ80_Tj3lYZV4nc76gaekZsPCrd8HDktFErH-jqzlKO3rILQLoTy1Ft2yw1INZdnB6-MZ3PLLG9N0IyTZTVWbFu5z6fRoslXvZ8HKCPd30Xx0zEmf5V8,Thu Mar 23 09:37:32 2017,nature
271,AQBflyjrlcP-wXWM22nOSMnqE0uA6SKvud4EqXWneXRqznd-e70RLWkQ_-4weHT9FmfcAYohRH6u0HdwIChDjYjMLT_5xkYWT5-TdJdiVn1ZVvYphSt8HZ8zRBXsH4A8TRc,Thu Mar 23 09:37:36 2017,nature
272,AQAZbXTQ1z10KJbEEYhjGLI0YM0k7-6_OKeGdD5UexjFptkjh2h8iw8lVGBmT8_7gTx8jkhHU7YDLQe096eBUsLUnM2qkIeKES-voWKgXPUpykn3kyNo0KJnDys1t9oL8js,Thu Mar 23 09:37:41 2017,nature
273,AQAzDU0A3Hl_80bp2RkkTFS1Gtxjeu4pkSr1hxQyyi5sv8eNvx4OxNyudThKcM-TdT6y2YBnSn6voyc8Krmljk5oFWWHT-B7quVNh8Jia-UOnIenl-r0oVHJvxXz0OlNGdQ,Thu Mar 23 09:37:45 2017,nature
274,AQBcCmvW0I3V2oKClpPP2PBTyPSTMGkmuuPMX71_Njf7BYnhj0o-BCZ3PnIrF64bcg_ob5YyD2zmzvG-jNLDMnMcPAGs4P32GnYrMHgo3GRNvOEpiqo3kBO3GA5embC7Fzg,Thu Mar 23 09:37:49 2017,nature
275,AQAHNZrlbvbo8WKxg-S881KL5AIb5V8szPvQY0vmklmrQbsGTkJ_frYz2CKkpc8jQvNqF8bwPQD_-B6yC8wTNggl-JTHT2A5YDYWniVeuiTxlbuTLIo_UwwiUJBBJRxczCc,Thu Mar 23 09:37:53 2017,nature
276,AQAVOZGuGR6bX7Hi74zd4uUYADPcTQV_I3Xw_P771V1vYwDxdHse09w0kb60KFEepeOhg0lBDgovQj2W6zZB4EsMmQOOu7TtI_iHq4Wf3TUPUi7Hum1rDMzkbYICO3cHQn4,Thu Mar 23 09:37:57 2017,nature
277,AQCqAFs9VIpFDqVCOD7S8gkzM9ChmgFRY7DXeGQs9kA1YhUtiOG4wZhhZrz6TEJV08bKoKVj5IalRNYKfE7uD7nLfS82mx1cpxgar48YX7xLfRlYgeo05b9VjDz0dTaz5Us,Thu Mar 23 09:38:02 2017,nature
278,AQDw45qH7AbaIbhBV5WjH7qK51_RhRnpGl9bYu9EhbYG1tKkqrOAkDmZyfJG7-U5QFHaz9Bel6TQ2uita6HAxTxqz7m2dUDd2LxdjOXAQt6lNNtdXovQSk1H50UijQQVIe0,Thu Mar 23 09:38:06 2017,nature
279,AQAV8y6_zm8VpwJLB5xMvfKCupX0-7NspjLrCRh3uYBR13xtpXqtOzBaxYoxCfUwcBFiwQezhuzQ2O-KqRAMikPNBB56LA9hu8ky2wD85UjEa8Cz_43-J2UFunvyHvxLqmY,Thu Mar 23 09:38:10 2017,nature
280,AQAmkGa6z3a5JeFKSoJnEHj-GeNLcTwfoATCkieeMEUV8_7seGLKuqudhTQW67l8vBmwF4minG8FXWKlrHpqwQBdiNXkvBCWj2fuqVI2oDqhWdj8-Bcgo4TCAzOA0NKmK68,Thu Mar 23 09:38:14 2017,nature
281,AQBpSBBl3ENrsKN3Q8pUEgPzTiivckJGl6Z3Ujwo6scVDB64VemgWJCN95_Lb6jsOfTMl3GrQsrLdY4NqpebXgqrfyTPHWqqspalozDStgwQtZigUOzF2Tk3RjwvjCMS_40,Thu Mar 23 09:38:19 2017,nature
282,AQDjswhs4iqMpIVrkd_pTzzom7tu6Oh2fE3IfitWeexiZW9dHjW7mizQ7i960qrSk3zBk-czz7UWlbWsgNEnT4L3JqhbdPwV5x9hYXdwDCjrZ0Nl5meU-sesgOTXLz9TbrQ,Thu Mar 23 09:38:23 2017,nature
283,AQDpNdEaXGVw7hXq9D8q7SU4zWAx11tHYO3NjfFpl3yYNkVV9FHtstOjaieeiDcU3g5uo2KkGzhylxSstsIBsIgFhHUch3E3QyN3vPekLb1-Tz_45GCeFYroOLw5MpnIn98,Thu Mar 23 09:38:27 2017,nature
284,AQDhdoJQU884FWdzK29cjrZd1wGDdOlmpuOgchYaF2HJHhGjbe_U7SAGtIKLfJFtan4IRhGRuVedVzDug2NEWLxdZZNqwbn9wlWXbzyJwYH-EQnhBDxxWkYh1TpBum-KZWQ,Thu Mar 23 09:38:31 2017,nature
285,AQBmrGoBvpUDFcI3Ozjw3sBq22MZG1Gru3QoOh2pdiZMadNHLI3qIR1q9Aq0IAiI_cDq2V_Y5ylgr1JLKIz6UXPgnWVoPpSZBTAaDG3rJHlhJcIYZo9ld9W322PiV4sGJJE,Thu Mar 23 09:38:36 2017,nature
286,AQDRWFlViycppCSD60zE6k_55WjfF5RZQG66FkMqHCv0RxnHvS-n1EXAA-Gue_BS9LgRFUoU0Hmo-vrRSWrqKgneklpJ-wvxnxLLxssYbEXxNuqHCC7emmYGl7LlpcgaPxE,Thu Mar 23 09:38:40 2017,nature
287,AQBNwbC0NMR4ySMfwYXBn5AzOEzxJ_f1YoO2wW_ZItKR6opkcRo6UbikaemFPmba6Wp0--B8YU28RbwA2i0-Mekc6-7UIezuz6B6Wb4qlHAfl9_UqkgoWDYLFqND1zTsa6c,Thu Mar 23 09:38:44 2017,nature
288,AQC1fMGeZx5ThHIdh0rckEHYumJlFC13iItb4XBV-P_Ulgnk1QKIkJW3Xr2LJJYNRvKS0Hii-CLxDfLW32QI_2oxu5vTfcu9CfiFL5B1_Bsh7QDa7sjl5Iwn54ek3c-kRR4,Thu Mar 23 09:38:48 2017,nature
289,AQCchDdk5LfJzHlkt04N9OJUanUMzK5HKXS2Go23bvCRuNefnk3cRRaeoJtSqDVzJWc2moaEHQkwFaRWS-lRFlGHpU9GvE09a3odugJIpfOPPNB4tMHyoum_Gdk_quWqUy0,Thu Mar 23 09:38:52 2017,nature
290,AQCTTJDQ55eQlO7KfZjOwEIf4AiGj2GN_PA_B3cC1FC0-UtaPLtkLFAHuZ6VRF1kVJOcMJie_IfZMCIAynKcyJb3ciHl79liKJcg2zyQU91O7ndBIesGkFvl8oPB7liyglI,Thu Mar 23 09:38:57 2017,nature
291,AQC0_hmE-4_-0HqrfWHIVS1yqJCPkxzpgeirDvwWm3kIjWPOlFgwhk8kK8X8c4j000dR1MWPZ0CkVUc7xm4sTa8R8n3tmLZxJ2jcRslZP5H3PKlO4Hm0I-aHgN3t98EhcE0,Thu Mar 23 09:39:01 2017,nature
292,AQCripaoLKvBCCOu9-vXojS1EFfAlQciONk97I_t36yBat_AVUi2g9cpmGud_SMk4ENEQ01Zxt1e9Td8NU5yV5BDEdqSFw4I8Hq7yY2RpEVKRBy_MtCpPwqzR9ZColwmUaM,Thu Mar 23 09:39:05 2017,nature
293,AQDBaTQzHmanUdPmCucKhFBFo4HZIfZtjtOApDZI_TEwwOq6I0-hPrxzQk1k518M8n34Ddi9SrxRcBku1FmOC6rbsr1gXNJ_frBJ9sSL03eWkQiF08DCySkEUZUbxVvqoE4,Thu Mar 23 09:39:10 2017,nature
294,AQDFwIyzJOGA4uhmONYd270vJDi70Ok6-7wvUee254cqtAJgC6d62nTmT_EEX5p_PhkayrC143WQWWR6k6oGl2JakuVE48hzv4RSamLlL5nDDt9usu1qnzlXoxosNeq8bd4,Thu Mar 23 09:39:14 2017,nature
295,AQAg8qJtz3H1m2QJ7iu0S0-Wq2_z0qZuI7qvUOdl6z-AYALuN2vMbEgbXqEpthfYxI5OigV3E-CWG5JL2pb1xdEWNZMeqwbBd0ppvHKQ5koxm5pOViDMEvpd8mwx0AzGT3o,Thu Mar 23 09:39:18 2017,nature
296,AQDo9l_gIYW-JdybVXIS2R6D7QF0I0iteGd1c2z53fj4X8tIAuQXLHbT3-7RKJO6AU_8bftZU1sXY6GT5JaPt0SKyDrZETgKJNEe6J2F5Cl83KVcCsizfogoUNiT8E0pqyY,Thu Mar 23 09:39:22 2017,nature
297,AQCNqllB5TwPSXfpKlZh2vzcsWirzdSbT--uSTeiwMQ2J0QiW0Re1TbzDGptHFA-3xHkrCPVPR6MlzoSqUPvwmrddMVV6ve473Q-Zk6uHAuDkn_m5DK3pnnMD-QayO3Ettg,Thu Mar 23 09:39:27 2017,nature
298,AQAdLrpJdDQMLX_6wzixXnvwDNyfz1Dvxqwqsk5z8agnAv8P2Y_1Qm71c-8u7CaOj9FO8oSyYHxen1zRAG-e4bjaazbHGpxsqS_sUObLq69Z6PZgLOR1mGtLGMkV5RD9zGk,Thu Mar 23 09:39:31 2017,nature
299,AQDM-Fy0KCYs92a3pdDiJpQ4S69ConDrOLJzlXJRjz4wTQJc5q1-vlO3bxpqtz5hKY1S-DVqS3I3R3H1Xkr7MJzK91Wbj1954Z61DeXjZ4wB2MzT-gamJR_C8WNx7vgDEVk,Thu Mar 23 09:39:35 2017,nature
300,AQDatcJ1v2-LW0IkAfb11xRKPuAcJ3NGfKWGg4cR7UybC4MhzymKfK0-NQD0pRPs_5tFGQLme-wp-92L26Rz4k9RNtYiDUXAgKUsJWU8n4oVK1HRVf3d9aGU0jhSNICnDpc,Thu Mar 23 09:39:39 2017,nature
301,AQCejg-_UT0xwbsGrHLGnXg-THyIjpd4T1bGsud1l62QCsnpa1-gQ9xWeeyxPwrVaue3anTiRwJikkyZFKVuI0ExABUpiX780C6zP_HRokrTCYrMkAcO0pVxnbvncJmjkaM,Thu Mar 23 09:39:43 2017,nature
302,AQBODSCgzsGXSTs6BUGK_nZGd_mGm9yCr_A2zdDNnXrCIPVhzybqlFCTdoce-m5sNwvR4d4BYpug0Z62-tANCFdMGWhRAnZyYKJ9B8vqxoRzrAr45fnLyi2e8HxtNAQLjwg,Thu Mar 23 09:39:48 2017,nature
303,AQD48IF1tmB5Zr8pDE-INEVY7FaQoq8QjmOre2gtqqFd38Le40mixeTSb7n3pX9UWQJnwozszvLi2A_tYIDIEZp68lQCqD906r2doDYkJSGVr54zxtuhlYtQ-2cQeCI2CyA,Thu Mar 23 09:39:52 2017,nature
304,AQBKnjjyfHCu7d9DBczIVCjN5Ogodl3XpJQfshYFFvGoR8urlCLC6zVT1PBOegiOGv3Da8Y6cPGkZmS6Nm4Yywib6HTiY80Ek0VDZbikYWumZ3NxoXudCr70oQOV7fdFTt4,Thu Mar 23 09:39:56 2017,nature
305,AQDwLAYWevYKv_ILyxdK6Orb1rOxionI5dsHyd2jrTnyHCCC3PgW9cHnNH4GFXxcnTSVV1Xu2f9hC_sgvvCaAFYwfPdNyas6s83FbkQ9RKGqnJMDCs_jF9Atm5P64nXu-uw,Thu Mar 23 09:40:00 2017,nature
306,AQAJMME5ai8PliFisyGFz5QhVXXrkhCWTIIhUl67iDOrwwnK9rN7bU1udmOZE8Zxxeh1oxWK3MUD1zHi3kTPpJ7GAGnTpLABQm2OhP2jojuOF-wr7VUJOp7w-8mHaVd5oig,Thu Mar 23 09:40:05 2017,nature
307,AQCZM-E_0e6Z-td5ht67OlaGp6_UEBz3GEdYXotcv8Ug_SVVTNd7MHizjJdzwOUGgKXtbakWIHGIS4OOjgGamdx1EVCLSxgpZuFz3b51AL5lQ4tJoTTYKwU57kzfZKsdkJc,Thu Mar 23 09:40:09 2017,nature
308,AQA3f40pbQkfKHVPLOYfddlRQrB6PxQEi2st36Lj3D_K3oXVCDi_nXSA3q0tfKYx52nJAPV_DFG0_X1SRybZzJnN8ox2Y8zEWVKV5Fo_zLxL5ApVxs51VoCl72Mle-xfQbk,Thu Mar 23 09:40:13 2017,nature
309,AQCHaTLlE8ewrsiP8wW_voaJc7yexbZDLV-JGHwbvLfycdYNvQZnIxwviK_Wh1nJY5zhSr1VSom4uvCqoidzeYLhZ1Zryxw9MilXb5rX7aIPui8h7i64oI4JWrfe18GuYUg,Thu Mar 23 09:40:17 2017,nature
310,AQCOJIKsn_sHj7xv27qv-wrVmJX8cm87BqFhpcTV0RcHDeYJ9i0QrMQQWTdbO5DuPt_QTo83XOYUZT4Idy1MUXKIPRnumayfpOwIh1W4Lm8zja9OmrghyDxJ4mg1n1A44qA,Thu Mar 23 09:40:22 2017,nature
311,AQA-bdibVlSpIWz0RprrIe6b3DqhyF56b2gxcfSWV2CoSa6We2sd018ckxn9vF2FjBxlYIj7caDGb6M9It6PVgUeik1NPOZKvNsz7NN_FzNg0WX5MrOtJndUIyedjBmyegU,Thu Mar 23 09:40:26 2017,nature
312,AQBpgrCfM2FnjSD8WT9XaN5APWZe2P9cr8vSUHCCSHnbqTNL73s82y4S2lvMq5krQYOL0Nm2i61LDVv1mZ589QTbQ8pIyOoTNJ5kUfUC-wiR_UiRoec9CmMSIVCnq7ka9qA,Thu Mar 23 09:40:30 2017,nature
313,AQA2jlvPdX5LW53v7RMhqtBUlQg1svQAhVeVxgn3L2sV1iBudQDgP1wdajnH-oaOj91eWIXVYeKOw8oSTYZdbRVfuRN0EQNcvGPc0V3ZE-_6CrPnuvEan7g3i_341POCDzI,Thu Mar 23 09:40:34 2017,nature
314,AQBTMsGLr9bazvgbfLcklV09FxM1U84PdROjQ5MDihDkqe9cv9rRFqkU8C1pR-xKnQmuP_uBMXhnLzEnNlstyYUv5RfRyOyP-UkrEFrBIAcAjXp9iaOh2wtZwHwvWD_IgiI,Thu Mar 23 09:40:39 2017,nature
315,AQBEgnf9zTZqijeaAaHZihugcNwHlCYdwf26IQ80nayPHCb3n6M7imDPlzJVzGo8kVLiS4n9w5aOhgEoEcm5zP1GfEiJN54gJdgcQvsK2sox7x58bSCaCNdIqdubFp-ok78,Thu Mar 23 09:40:43 2017,nature
316,AQD3u4RmnmE2pADDS1PhZD4fgzRm1Tjv-F_R7RFlz4ctyFojFeMUBSApw3go1CwhnMTdaCG5OrHtV5-mQMfSnXbp4653jJdfn3ErKnOPZutmFsW4ClFXhsGo7IjtuvY2cns,Thu Mar 23 09:40:47 2017,nature
317,AQBk2bYiucPsmiN646IiWoktpvqmmuvI46xc9aI06u5lC1QFMTX6YoBovYdsAGPKDJwlBiCAnB8L3mi6iViXwe8ULXOswFFLZ6ij1lbWAuevyqmot84QgX0lv_RQfl1F5TM,Thu Mar 23 09:40:52 2017,nature
318,AQAXj18Qq-BFcVhF6IV07pNWvT_8dUMkCUiX8FYzJJ8DzD4ZRs51uCAQiU2ZoMKV9CivdpKtfDTxS6VwONFIAj3UdA_Gij-hAK_l5OM7XQW-WQOV19I2eaGD0x9nJ4eES5A,Thu Mar 23 09:40:56 2017,nature
319,AQBSr5Fdo5CYPdNpTONhMPlpW_htvF2LMBUWpuD5eyHp4slfGNJ4lOvBDzCQMGD0OII1iL3aOWyfckXleX6kgnQI-3FWefXdEqpxCcSC2sq74-a30yGv0KzRT4amFqCnStk,Thu Mar 23 09:41:01 2017,nature
320,AQA8rp9RIj4rzzdF4DfcEFbvazQRK4Zt9hTIt_5OHS8ChPK9xIkpZmbAg86MdEcFv94xHcXdJICJiP7yMsyR94bSwqWmH-n6ONDAiq5hSn3-NC_ruMEKduini2KdOGqv7G4,Thu Mar 23 09:41:05 2017,nature
321,AQAYjRLaf4FZaZVZWsGmsGsyMGNFf8QqCaKPcltN9ZxuEGOtDQUjhBCM8hDaSvU0RzuS3xBSp6ibQETcnNlvZztbk-v7M94aC-T6LYi-ldgodduG0Z758D72-ztZfpH8cBY,Thu Mar 23 09:41:09 2017,nature
322,AQCOBbuUZQubzKLhHRIM1wvW93IGK6ewrLoGmay0q3-BhR6L0WAuN9iWGqRRQDw-Y2W9PopFi_Okxhvd7uJRl1HEKVSkrH8wm1WXoQxyKrgziALAyuYokDuNvNDw7_LowPY,Thu Mar 23 09:41:13 2017,nature
323,AQAea70NkTFFDPiuA84CqaaMbaaiUhfRpijJwqE9zC3-BVsjbva54e-e_CTVcEslSzvJHN2PTQ6acl1N1IqK5fkKS0qGZlZMI9n_CXXd7FmolCbUYECk8wd702eSteQceXs,Thu Mar 23 09:41:18 2017,nature
324,AQDRDXxvjRlu0iA03LpIVC21029jsPJHIuPPbjWg6YxHIcyEiUASuAGnHSWzQ4ZLWIDEAMulkxy9Rxnih0hJ3NfXkjDbnWZ9O1wMvBMpWwKsReFkEFkXVr5vXp3PEeFlQT4,Thu Mar 23 09:41:22 2017,nature
325,AQBx571Zmlh9Lu44KVmkivGpYjLUfub5o3jf3eBYmIHJNKqV7i2mQnh0gdFz-rDUamy1BR2VoxpSfF5kRNkXcEnWfgb0olx4N25Wde_BMFMe_6A7qWdW7UMbHsMN9OQyWX0,Thu Mar 23 09:41:26 2017,nature
326,AQCDcZa_DNpDLHvRZQDvaSQr-WoP8WAVPUNkhP9Ih5XtqW5su3If2TuuIthV-7IPdu15j6rpB7xwqGJa3ySrpNDsDC8Wjpk7gc8PHEU7MJ18-JOdlPnbxXWa-BEW0qvhaLc,Thu Mar 23 09:41:30 2017,nature
327,AQAWjaJPyRTOw0ilMfVJuw77rnQhGhtXuMpzTxw4aB2QtsWtwZ6Q2Bi7Hr09Yrke-ba62XXl8qUdsGdV9lWF0aZWVrd4sUDLUJeUpLuwOYMPz4_RjtK2LeZNEgqk7oF0_U0,Thu Mar 23 09:41:34 2017,nature
328,AQBJQkE07hwc8JAiPoAmERQe6ckdWYZfTrFzjp63kJVsdxEucvsMI3zkqhhsKpF2NChYD3b6UffKD3nJseAwlNSW8n12x-XFe_c_xQv6aT2wNWLStWm_1-rq_OVY_tPYmL4,Thu Mar 23 09:41:39 2017,nature
329,AQBaTJzGIg4uGC2PlcSYNV9x5YylhoCV8JQf5VUwnQY-xcjMopCHBm_hUJxMSxLx9QfmZAxsB_RTYjY0aUfhinC3nzzDcq1LJAoqquZRBVD0AL7GgD_8q0vcy-7wwHUZPBE,Thu Mar 23 09:41:43 2017,nature
330,AQDkXl2KYU_A7gYioUeeHIx98SgY6xWgnNYGk32C5RSb2EBmgUJPS0fbZG-SgbQHF7s1DLEVOajh7VABH6erjMCxTcFD00Wb9aaDtzbfHFrLhRqjILAmbi9w5gnZfzjuB74,Thu Mar 23 09:41:47 2017,nature
331,AQASI_UVfV02VPREg36-LtkmqtInPZVxAPbXyxS5G2VKN1i_EVV9WiC5QgA2rNZxhQteAZIdr9NYJItSkc-XjSRhq54ORefdXpORoDZsMWg59VmbheG3I3mz646PV4owVMM,Thu Mar 23 09:41:52 2017,nature
332,AQDTKjrJB7xzEI5goFuQAHX14L1yH2ZyTbgDN8Q48yFM638JGrt8gc2ORPK80GGRzu9BKqsxUVraAwT3FGm9YEfO-k4mErudvFKdAsTGqhL0qmk275bUx-GSXcXPx0ap1sQ,Thu Mar 23 09:41:56 2017,nature
333,AQC46dkynsiiTEl1SMeWGxmH66nLjvPzgfNVqWw7u5jW14R-OUL1TWFGVEXmsvre4uVXu33FRMPpTogBoq1GbCrM9wUCUOCnEDFLc_t9u3IzWN462rCbDsynvQPtSvdP-R8,Thu Mar 23 09:42:00 2017,nature
334,AQDddubqoxKzrGZqIL8PWcq6O_5W0uAGQntNUKCIh-R4VAtSAaKnDv1ByG25OIFKSVvhHFW42AAjW7LFIsndHQ-wRqkT84ma5M2YAPC30x6GNALanWI8SSb0N0aqP2E4-Kw,Thu Mar 23 09:42:04 2017,nature
335,AQCE1_4WkrU4vibPCJ6hMOQtH7-K8cQKugxl-Ajbzu-3MlXCsj9NB06pNHz75jFs0esc9ej2dF9CHaiUuIDvSv_rVUt4bR-7rKcuMQBUGd-k2QqSHccusZJai5uzIPANTqk,Thu Mar 23 09:42:09 2017,nature
336,AQBXnBHnfXYiaZu0eRGE9qxkIhbex38d02sQ588YJoIhsb1_xF6BYnQqSVzuKlHj8wE5DZ1YIVxp0zos5Eq1bS07dgfSxtso5EdzTBLsq2er5mFJ_akyMuXT5o8fYp0czyo,Thu Mar 23 09:42:13 2017,nature
337,AQCdCpyYLdfI_oaUArjYWLDNmiAKFVNZiQIjlToLDuHwKwre3h28ukGCWrrhXyuNXxxyy30O8YULaRz-dPJqw-Gm_UfgbslzF1BLWp20TuOLqn5JuQpzAK65TKWQ-L3PWek,Thu Mar 23 09:42:17 2017,nature
338,AQD5BtfVamA0FXPBYCiWr8DcjbAdhA-Ua7O5pPNuN4KCPotesdK2X5POlDQTATaWoQCG26vTlfap8foWI0G8dVuv4CLqIstdGSkKslXh-b_PhIqIAcvEwng1bwrfs16bf1I,Thu Mar 23 09:42:21 2017,nature
339,AQCAuOm0_URT9EKmRZLCXzLMLDtmjSrEvN30O3ERRwcXX1bplvoKePp2OX7NtW78mN4q5F3U5dqPfcfi2lS8NY4Gpq2MdjlU1vcUDtETJCjY9fbgUDtybiAhvn-DQzGW5gA,Thu Mar 23 09:42:25 2017,nature
340,AQAo4LTvbJ_G2KJFqWxr7cV6pOKAdsYlb8k-W18aSwEIm6Q0O54LzC1swAMU3Q8EgBdOqt6LulbVd0p7j5Xgba68tE8Uf4cbbl_ehheHX5EZ5ji3p-otwzcmHdZWekorI6E,Thu Mar 23 09:42:30 2017,nature
341,AQCSYYogCZuXN4TgQ5stS5YeUi1-Kz3D9KfuGKTNuvUYLaDXNKXbxkGqesTiHOU3BaeqbuY7LXhIc8yp6L0jnKfSaSR4PimmZquQDjbwgOjoMDulZ92n9UXJ8ZRg4EQSZPs,Thu Mar 23 09:42:34 2017,nature
342,AQBQssbNTmvhxPXpmPk_g7otzmALI0YDJRtA-IEzPz8R-NYN_HLjTICcyjWlKA_lIm-TIrQ82hW4nIuUJC61lhN5pNrumvalL8iwvuxZhj8jb-BrNXgUAg9Qq7SYYPw_Rrk,Thu Mar 23 09:42:38 2017,nature
343,AQBcLb9941qq0nISJSSIY--9je28wU7hYJcEC3dgOl8isRq4Lb3PX_eEsVThWP3EcTuNg2cw-odBZQ1-LigcoHL_-pPZdA6cjJVLJ5tneRqW40TD1yJjcIwsYikLId3kKRE,Thu Mar 23 09:42:42 2017,nature
344,AQDsDa6v5lSNm7c7TFMVESoHHSSipYAfEgNh7Pxopgx0pFL55QxvfmuXCMtKZuTH0pPkmGPN6f9qPXMw2yXKrvDAdf1bFsWaN0-ubyJCl1Z5DN1CEmKnf31Wm_-1KkLGgBM,Thu Mar 23 09:42:46 2017,nature
345,AQBDj5OJ0hSwkY9Z436-5mSIb8jFqxq5azEv-Zlg-9nqJZ3hL7ee49iAaMTrMn88ggLXhY_L6vWRQEGZAd_rJVhAuFHaFdasGAftYvUNYlEpxx94RRi7OYvVxNKwCPsI2Fo,Thu Mar 23 09:42:52 2017,nature
346,AQBCB9ASGWcAUrR8lvwFvcPDZNiCzAoigpCVEx3z41MEzRzHIu06q5JdAaOKlcEkPZzDuaBr95r7sp6coF3FTrqjksPOKb8WItJpwOpVECbdYIv7UFzf3PvaHBgqb-IcEpI,Thu Mar 23 09:42:56 2017,nature
347,AQCmb8vaXxHQk3QKKLa6chvH6hKiz-kyRnzaFhjxx2bqDBhQmP_Z7NWCUJrB9_NIkcmG5BANieth3pLoePjlKgsQlT7a1ZDftWNRYKaslFhLbme6LOeLTK1b3Z9IKRCXM2s,Thu Mar 23 09:43:00 2017,nature
348,AQD9n8swPVrfWo3eWdYbUNuk_wX27_4XX2ebCwt8JQ5Gb7NxVw_9JhQUNWgreHyvbAFFbCRgZUk7H0rLPqI_3j2Dxc0stp2b906BJgOEK4c1wO6tQN4e-PdHiDgWkLgfw48,Thu Mar 23 09:43:05 2017,nature
349,AQClT0vnEFhY2N7C0n-ZVBNI5ub87pW2WL3snqBBo62iQM5D7zZXp3sOw51H99zPot8HVJkJoKXM1D8DSS5Y9bEhCpOY11YY5rV9eWP_SJ1BgZQedHz9OciS6K95R6Ar68I,Thu Mar 23 09:43:09 2017,nature
350,AQB4--O9D5LKPTAOswjvzIF2HYlcQnNJ3d9U6Lnlqjk7e6SRTHUxRJlhScrhQveorQCXUmF-5nRmjHBK0D8sI7cE_5awTF2se6CHBTP1PYEyRVqNRcEhqL_KIp5zm1K8UYM,Thu Mar 23 09:43:13 2017,nature
351,AQDU182IHqeo4XJdPL17f7M_kdaipJmVUUCq1pdc-5PSBLwhiQso9JBQZyNNJ_HqSOKbAhAIv7sY8fU7FY6khdsdwj_ESdOnQJ_SitvuGMJ9yYeVzKfKszVSv2kGQ-Speno,Thu Mar 23 09:43:18 2017,nature
352,AQBA00IIj8DtqyYQ10SqfQRs4Uld2c5Ti1O1EloGh1Q3IJUdWm5H45c4YVhfHPN89UZkUW16kKKchsw6ghpjp8ck_0PosNnl06QWib7HmB_d6GrjdN9OrvM34RNZRNvtKzA,Thu Mar 23 09:43:22 2017,nature
353,AQCcVCxqMDX_ScEnCTp14TeX20B8glW5Qcs0hrWVlS-ANxSs4ZwojsgMQ1t6ppsKHfbGHdAimF_gwoUQ71VRCT4750joXaZStC_V3E1pXaj5XS7mhIpvsejsxAUBThTwA-w,Thu Mar 23 09:43:26 2017,nature
354,AQBH1--5sXYkzD4UKdE7UjUWEUTglZ6aBZZ7hJi5Vp8CtSjXew8lm3n3WbKefkw8BzstI2Kw7qtO1ctMHf3bAbqCp3RDvDVnhW8ign8ltMG4ue1gj6XbqODOYRlG5qdEBcE,Thu Mar 23 09:43:30 2017,nature
355,AQCqtojqqs-B0aWUYa4KeIFcFMkY_grj1y3kf73HNc0k_dwdnA3VuiGCGmDs28QqMGnFPJoWEvD1tGboWVRglxwrXkJ5R4o7qmGlAt7gZFSpBpy0YwFJJ1jGU9SjdfFM5JI,Thu Mar 23 09:43:34 2017,nature
356,AQCxY2PTY2iyAg_hFxWuAX2w7X8v5_6clR-mFJ_h7di6sAEtr2zKaYIhgwZ6PX1I5FLvueYIkWtOuBH6s3vJFhUw4JlguSi_3lLVPgfIne-AB-Y9cbpJL-A1ToLpIhdHqAc,Thu Mar 23 09:43:39 2017,nature
357,AQCM4dTb5enPSBgeploZSYa82gvYjQ48foeT2LMlm2r9CQ52XyPwxPkOHNbATAVvV4IyFQyNxype94kmQgW4Eoa3JW0Fi0z05e4YI4ofSr-tRKOuOZzb4mfbVj8QuVNGNoc,Thu Mar 23 09:43:43 2017,nature
358,AQC2yrhg4-Cls8ryCGJvtjhTzLs2nyc3b8i2id_-EJTRqyKgcz5Zn-D2I77e-QJ0nInVHbBj0MlxuAUHJitka-OJQmGu1wnLWe-CdQ180WZRAl1j4MH-1mNWHyyb8B5yETo,Thu Mar 23 09:43:47 2017,nature
359,AQCGSJZ1ufWTg4j7OtOn2SFrG7TumJkQMHHnUZzHBxbK8n9pt7S4_f0tXo3gKZ6JvX2Tpsho6SKKzPNNTXjkbEb_KT5YRlcoO530Nuf9Gjl4EzbCy4ATTpqy9DLctovBca4,Thu Mar 23 09:43:51 2017,nature
360,AQCkLlL_bf4fhpKG1u-34PIoGqfywc1VX619k3CMqRPA_jZI6zlJyXC9-BpnPA8k5ziKoOjCGDfk8XFrh5UwCKe7-SakUlLyulNr-SKzTBjOQcKMWtObGMd6mpJsbB_jPaA,Thu Mar 23 09:43:55 2017,nature
361,AQCtREUuTIp4hkFFrc1KzLUPkjIASN0eKRdvNJ6sxKHLIM6Tw-gbhWCuG5yvIqvK3BaANA9G-uZf3-xUo-7p4yTum7Mj8ZeUYjeqL0QpF3t5BsVKW8KaWXA3Lbfw5TUMYJg,Thu Mar 23 09:43:59 2017,nature
362,AQC-lMjKbveqGAEI2TIanlNYuEAYh8ujYdNA2nPPSqRaoVyJZjK9Aen6uYqOmuFJosqgkGBQdAkyYmyW7Ns9f8pGkPMcxlcfg_g8HK8YHE8VUlPw0iwYUoiM4E9nIQ-U1mg,Thu Mar 23 09:44:04 2017,nature
363,AQCn3dLKb3rdeWgICOBwdi9ogq7f0_qaxzB4KdHFTzTxLe1Za39uBeK9NlJ-Lb6AxRjDZUHtucyGself27ikKI3mstu9G9MJAh2CRDPKvekr8UmWu1Q1GGDLo1Iaw8vbs-E,Thu Mar 23 09:44:08 2017,nature
364,AQBEimqLkmB7yEwlr_aRkrXUxf8b7XP7pyGyGrCvMbXlJLZo_0tdFWV521y5L3ZZzz7fSJRa42HNxlam4cpzQ3Qnl8AQ1gMbieLT-Bu7XZaukwyrYpdNVBkSK1xnvB1o1jY,Thu Mar 23 09:44:12 2017,nature
365,AQAzer28OiQPJZI8qY9LE0GcM5B57N4WBIXibzu0zsBP2S5rkanIOPmspTAcjyJfYcXpvJlwlBAgflvDsXuO5V99w4hdfgpp08BKPWgwq-_EEVtY9QooOc8TScExZwamEgI,Thu Mar 23 09:44:16 2017,nature
366,AQBi7jNv9O-tpGt3j0RHBhXumL5xNPIGsZoqfOnRhOQPZDNl1a77DmagQ52GeNhijPnn_bg-lMT04qEEetQHznPxxckra4fPV7-BP_Ii17JjrD5eJCDq_VtbcBRSbwhWi1Y,Thu Mar 23 09:44:21 2017,nature
367,AQDz22qRBCU5pK40_Bfgzgs3CfiN0N-5-6SIdqCgkONxa2C_AuMgFZwyskZp4t-mEN76g8x9WLA5Qm9DMGG6p13m5zzrTr0VWjXJwbEG49BPgAfDbwhfs7AkMiO1R62EVbk,Thu Mar 23 09:44:25 2017,nature
368,AQCq3TQnEd9JdeRyicfXcAadC4enYpOxHUtkyZl58GzaRLBhthsazvlfHNWQhc7DhI0yJfZgRGn_dgB2phL97YwUMUdvZ9_9pLeNMw5mxw-Gg2pz3PsCoNfM8waL56jbtfo,Thu Mar 23 09:44:29 2017,nature
369,AQAhUkQJ_jOrjwbjRghm7jQST6ubWGE7cPT89UJuDkJtgLwxsd3FPDsUNckATbX5XLta7bJAsUqnpas18l1xnOSie7i8hyMu12xsVEYmABOpZnL59rQiDu4pHIc5yUdapfw,Thu Mar 23 09:44:33 2017,nature
370,AQBeFChSvWG6cEnrhYmds1QYGVVNvkJQEVLvM0CtVIrXUiV5nr0qrazdLuu0QMV0fqEYgRtVlNtKn1KadZRsf1EcxpuBbjWSON-HSbcmB_OF4aI13zZX7HpDbZt5_lSTlPo,Thu Mar 23 09:44:38 2017,nature
371,AQC0-4RueBNRgR6OlGcxUYlOzb-60UJOs_5lVjwrYcg2-JdTuN4llh6rqY6luoVPEtRpTUWh5fEBVya-4R9Q6u94sRy8bY2DzDrL-FCf0UDEIjeAIOo4Ne8me4egSlC4J6c,Thu Mar 23 09:44:43 2017,nature
372,AQDX3nzc1pxPuOV24G0BiTIx8d8ocoy7wIQjGV_DOHn_Z777rXK7dNDEi0lpA_sCNrlVfQp7KQNP1LGWcme16PO-F1BkrhXypt_SfpLahrG3PdHheh97xDv0d31UVe4g-2o,Thu Mar 23 09:44:47 2017,nature
373,AQACQ8Uy26YyXR74v3deRLHjQn5vm9EF3Q4itr6JIk6UAPkoCUTjgiuARTB-KmmCu3j7wV2C-deHS14fT4mti_2WAUrsDcc7-y1pnkWc62GFSoFv8WyGGOqh25zmqq6LTX8,Thu Mar 23 09:44:51 2017,nature
374,AQACTQDB2L8WA9L8en5wPbE0zk1yFzV_0Cs7gJjisynY7CPSKLwrH2OvVxuVUhUOly75AMWBl57_glQovyJSy-U1aZD6ydsi9em8o5kd134oW0PFutkqocXC68oWutYH4Ho,Thu Mar 23 09:44:55 2017,nature
375,AQBsZNbT6vcRS4JNQpnem2nHbFPTcN-QcSrU9RoRwJVLsg1zrl24KH8rpjzl1lkQeGaLo-LsRmdOv8Z8T398MzQyK7IRaj_q_KeHZWHkPNA1f-XURnWjxUMFm0FE5XQvE30,Thu Mar 23 09:45:00 2017,nature
376,AQDzcMQryY8U_OjhuMMAi5v6VejYaOMzoL_msxLh8DYOE-APyyZAPnjgJ9r9cURbosscin0DNrn4L3gkJcCb_Us5mpLxM5UTR31WE8S61f0-amP1ofSi5iaKNy7o5OJEDY0,Thu Mar 23 09:45:04 2017,nature
377,AQCpZndfxznrnF5NaYviJyr5DzP-4ecD-z3JKvOkfOLsSdGGxGjLAlmzJb2T2okQG_KtIHocXbJX7C0GhOMZqDf1F4Pcsy5xJNDv5SZU7mB9pKt_nfAtgTQn2NnP43PdMiY,Thu Mar 23 09:45:08 2017,nature
378,AQCMmtmcocil2UAO3jgculBsMfWB4yePM_e7qYvG_qbV8dni5Z-QSabrreuRhQn2XWCKCrUlDhlSCr84CqkqpOzILnfRKVfNdKG2IAXIvOmTRlrFwDyE96R4suSNb7ZAkt8,Thu Mar 23 09:45:12 2017,nature
379,AQBI6HzLe5FKg37-9e2rP2lc6vzzsUsVD1xGqV-lwSRlmHw4F3SdPvGygdR9rCvn3GZZ6cc5__h8Wkp4bFZ4nXKJtURtxaWjNRuV6hkgsjt3o7tIQMvcZ1v5UNWNiUdERMY,Thu Mar 23 09:45:17 2017,nature
380,AQCUGs1debeG_DYl9YL02b0BagN8uhiy2WbaDk5qOcWvj1C2VQdlzeZjr3zCb-LYadY2rKke8YyzxK5EAvjonuS0P1vhhi1bD0Tu5ryIENw79iBrwzeL4eiNa5J7okeLXJo,Thu Mar 23 09:45:21 2017,nature
381,AQAdnjBMhM4JWsM0F4bQwcmhR3elO-jzeckufiQ62Nwk8vKcq17Q9c7AGpBKvGvf-QZ8r9V_BmZqmRLzXDUadPy0NGj42p612GvVRxe2EpfRONERrr8OOXD0TL3EXNQAOcI,Thu Mar 23 09:45:25 2017,nature
382,AQC26HPJyw53gL0eeVoQvuO7Ucd81hY5lPEO0iQWZn-UP_S4GWccr20gZOnLNVQPCl5osogEx_eMKXiYrhbo4bBs5NNzRxXhumIEEwPjuS1NncxofpgVail9TNg69jsl9qs,Thu Mar 23 09:45:30 2017,nature
383,AQCusnjiM7S51m8B7nPcb0NrGQrdeoCb23Cj8Jiwvi3rhnZ46ZADNDEpoRKMXw8OnpiohqLF_5af87WK7XtcbgexEovydk6EFG7UXjygWYuQdeOlsT2TKbBEQBInplCihQY,Thu Mar 23 09:45:34 2017,nature
384,AQDho1V9-x5xliA1-AGjcT7zrsIyq39xNJC4MX0wHN4xMqqlrWPGIebBm5b-V7XKP-ZlSLTnhLW35nrPs8FBWNXtSYaVYBVuRoa7dv-jQvwQkpi7qmXmtLcDwFuTd7oBgwY,Thu Mar 23 09:45:38 2017,nature
385,AQC2jw0bTQigzcg3g0HYO9fg0SQQe-CetbgDfrNlOwa0zhsbxm1skESGfbiKHRh-BIF5m-GoRMpYl2rkvIjirzhUveVrRPdrYw51FNNP55ChezQP1dw1K5j8DLpwy5W3dGE,Thu Mar 23 09:45:42 2017,nature
386,AQAENV0jiB1XY2Mg98hPvH8b8MLtbOM0nBcbZNR9Suk38LYjbYz9wNxYlNPMccxjEl-6uZ18z0LYgvfFMQ-Eb50A53nO37rGSMpHLRe_43M1k_gLe_tQFDL9jFg7II4RHXo,Thu Mar 23 09:45:46 2017,nature
387,AQD2ICXONr9i16Ctc38CbWZqNt7tgq1ZxZYkuR8atnjbshPiR5S1S0ghV2MtQk1K240cVNnkypems0YIS9KFnIWVPQ2KWjJxmkrKVi2Nahk7BeyoVE5NSQXTIPc0HTNY9tg,Thu Mar 23 09:45:50 2017,nature
388,AQCySZP12z9yXe3i1eSyR8esUdeBXUSEPUVMlU_AnObRCoCQyTtYrRNMP55qbCa_OyIyPafs4L3jSS_e3jvLQqaH7EnWUieJkMhsjgpo-gmzTT6b25nGK1SiDiTyipvYqmY,Thu Mar 23 09:45:56 2017,nature
389,AQDWUpr0SfQQMCX4YulmUr1TVGCNGa1wigSEJlw--tJvCWPuQ2GtOIybbOurffb6teHumsIvOd8-X8UgXc17NOcTzH0G_LDTzb_vaFJY_rSM-nvkayQ1I2oOwL_ijW72UFA,Thu Mar 23 09:46:00 2017,nature
390,AQBmWMXZ2LvaHl0koV1WCpiyYjVJDz2i24n9LXAHpaThdAl-5yg1ecCnqO1mjltCj51613LC3JF9pFqMhBFhD8wN8KDj2NNwDap55uJ2CI2avPh4_kAJYIdnzNTuEWHccN8,Thu Mar 23 09:46:04 2017,nature
391,AQA5YPD3CVAvuXFvlQ-PgjbDy72vx4PgnZqkizuvMs5kfL7qzEU9QcXdVbZurl-h60t5Pi55-KDiiYPj6h7SxnSGVnrU2Ev4Z168dVgxW5-9_yK-BIK7WVMGCQGvBgtPivc,Thu Mar 23 09:46:09 2017,nature
392,AQCPr6LI5BwRmiRDkx1ag9cuh2GukKl_kvCa7YekZOUuIVm_Tm_Humsjm2cTKqBMe98jcZHYYb_nNdocXh_S6MYXT0J-mdiW9S616UsNOF90HwSwb2LbiBanooPcuR-RLdE,Thu Mar 23 09:46:13 2017,nature
393,AQAgHAsRDFtrnNVP0ilIP9RBT8K2y0fmrtdwupzYI33iZHJzWn6tZFuqvduk34EWvzrpNenUmAc5jWgaVPg48qPFeiymiheHozOMQ_tvR_ZM-pf-r-rxiYXYVX4jRmq3eFo,Thu Mar 23 09:46:17 2017,nature
394,AQBGQ7QNNJuHnjBXaYmn1wk_1TtbGE3kQRTHBB3PV7N9dMpaHZTbj1HyB3bKzcn_vLEbmOGU0fsCvxAPRxqLckRGI4JKG9CvhBjx1x9dVLAXRjzJZjR4YwJP3rP6ROcBofE,Thu Mar 23 09:46:21 2017,nature
395,AQDGRCfhznlItpcJdaL0afKLa_802daln-Kefg3tfN21e8jBJv9bmrwuucVqJuRSgw36O6pfXOVzWM8i9ycEUWkmp8a04YhFjGNnyT6gQqllpXpCwrTxqI0tkbkX_WvmgdY,Thu Mar 23 09:46:26 2017,nature
396,AQC7UdRBYdWkonDrLyU4hR3mo1eSdB4Gxqa_QVP0SbelTAYSv1hBvWP1FuGEWMYMoJz6MNrSJMxzOeYIm73UkpWYBAUt_p8S2T62eNls8ywGI9eQ7080lYhzSfqCu6H8h54,Thu Mar 23 09:46:30 2017,nature
397,AQBxnAsdP0UP47hu5L0CzmBpdkSIDxM1Jdzs8vqVsS0ceYBAdjAZ4wFuf3HyyxPCyxI6a-IkqMrtOcxgw_Xzzf-w5b0BRM9gxk4oU21--z8q8uggufRyHnqVBzj99LLesSg,Thu Mar 23 09:46:34 2017,nature
398,AQBIJZNYa7qrkVUCxUBXO7ojQbb2NBZkiccVbXXM0-Q5H_w60n6npkAYP-jBZ2RafiIjJ50psllfHwB0CiiewwkcyczqDGpXifG-okTJGuAp5VmNEtieqldOvnNNpzpf6P0,Thu Mar 23 09:46:38 2017,nature
399,AQB1640wquWiUPXShJWpz2goD_7UiblL6VCoIB-ftRA489DCyJoHP-JcFqd6wa307bxaujrzUSLfwqjnQ7ZFBc2amlkvotLLWU9xhLF3glL7M5m6GA6jC-jtfjoGAEDzS7c,Thu Mar 23 09:46:42 2017,nature
400,AQA6UC8KzCnwUWEECBri7sJWkaEuMMh797DBe_1T7-EfoxS1XtwQq5Hn7f71ttwTxix0_st0DcrpQVEtZkHoCXNZExbcqhTIxI3gYIdFep2fsv5Lrh4mMsDRJ9qAspIC6KU,Thu Mar 23 09:46:47 2017,nature
401,AQAB56NzQoqcT3XpQs3DJe6q6z_n_BIZ4JqlXwN5WdyFlDc1mEMjrhIH9EzdXzB517ALStE_uYxMZV21AA5gxxdhkLwiwnd6fqN1Qs0zcdVUF3TKVP02e3BLF7xSyeCxp-g,Thu Mar 23 09:46:51 2017,nature
402,AQAU5jSul8G8uuaY4Ez1PVjmnxBUFGuaXNIWkEjG-5oboJdW218uvicXQLF0jk_zWi90oGRLwdv9Bk4cNwA3pKTH8LjK-viqsvPG-acexhTJCweh2JBX3X6hh59Jc7465xg,Thu Mar 23 09:46:55 2017,nature
403,AQAu4WhEOhWtVhY8dibBKnHK2DdqIjFRYhxU-poBaSKrsBBQoNxSguaWIC-l99yQSOe2qBc2OGl-Bt7q1KJCqFaIWplSdkTM8nz4Qmcc5-CYMO22YUDCJHRZwknnr1bVg-Q,Thu Mar 23 09:46:59 2017,nature
404,AQBSACJqhznh_exYE0oxX35C5hKO_L8OX28TZqw2GN0-erTJIRxCUZ5c7g3AHpt1ppO6VYgzRUkHOY_rT_9gyAu3WQwK0a6Zs2FLVZ1oT3yjf9zMuHBtGqzBLe--3FX93PU,Thu Mar 23 09:47:04 2017,nature
405,AQDoZKf4yGO9BRQBHiq9z4eGdok6IqGU3_pAkXV9f0udZcbCG1S3XIcFVtH70D5gcnH52i3Fu_KkNoTmdSJyPU7bj17IBgPeMG1zl8RGACp1nIV2VQr6c3XZiBQHGEjaToo,Thu Mar 23 09:47:08 2017,nature
406,AQBVKJFWMum8eSP2vnamnZsUxKfVDGAZ77Uf1KEQdqeBdiVvP9WXLOnc6Tg6uN9ar6tV0ltqslFa5h5Y7yTnxibFRUmEAin_25sl2VoQ1aJf7uIQNqprZe8aRKL5kjrNHf4,Thu Mar 23 09:47:12 2017,nature
407,AQACTTlU_SyYe7s85h6YHxs-eY-bMyxaGW4TA3QKCPSBlHowkjKBwFdl5_Alxoc_M1rV5SjcfQiuGuZ8skgSE5LHeDTuHUJnFerskoCYkHDDZHwiJcWCrRpnZb_UCWBhF_A,Thu Mar 23 09:47:16 2017,nature
408,AQCSx4yQAoqXNB0qBuSfOEVCurgXzKyWbke2ek6w7p6JNSTRzH3CoSL6y53oIW0XXlqm8qcOSYkQhBUc_c8seEhaX9aWUiT8IaoOdbfmuv7Vuu6kGJJPdOppM-gzL0aDBHQ,Thu Mar 23 09:47:21 2017,nature
409,AQCfjR2yx1P6sduvoB5DLPgrQRbKKc8ryuWczBGShwPa7bmx5KFst6r7Yed3JSTC3wkYZEuCt9hUEO3AmZwvUzcJzrnL3J_6CT4Veqhx8QbPc7d21hE8q_1TjHvSbptdON8,Thu Mar 23 09:47:25 2017,nature
410,AQDDKl_2kITVznllFtynsy-9yvCRMTTMC8gIZogpGSwB2N21BR8eQ6N8CDr79mTnoQDVzPCLfS9qBIH0yL2twBFO_YZ3IIWYWJhqlwOkSpkp677Rt_fxX3QGUGY9lKieU-A,Thu Mar 23 09:47:30 2017,nature
411,AQC3Wr6vsHcSdCfagWMKVS8PbQVMLRJkHP_4YRLMddEnRHXRZY2I6SCSNM4h6Zs_xhNbHLwoKADp5-aDg6mJFElWN64BRIMTiuOOi2ObbjWjG8SHUnSQH-S7GEoNdVBoZ_8,Thu Mar 23 09:47:34 2017,nature
412,AQDEzx9tBb9JLd_q0kjJs1t7oZpICuHlWBCXihSdwgDxbD_3uxapr4KVgDqJAU-vyIp6Dptu413yYYvkapvZ7cTjU5Acl6QtzSfAvRW-gYDsh_6_A_E05oTV5HPl8byFqaA,Thu Mar 23 09:47:38 2017,nature
413,AQDkqi71iGMeWA-bbi62swwDmZ0bXv0hrJ7_kuhMhbY9pJ5DC6aasjOdmfpLWNCRlthhScjWMQKWLnth4Y1YJ8Z7busBDxrmA1IbnMgvQAPbyzVJMpS8tr_GkHmOFVciSOg,Thu Mar 23 09:47:43 2017,nature
414,AQD2oyfjBqQMo_qJa3dqykbCw9K_BE29ybm9iBvcwsbOfQ7RdfYseAEiYaSH1gVcUXhywjRMvgGzYNAyXpcl1RzwIYwEcwwNKW4HRmWlbpAXkku1wgC4JVTjYXGA02veMBk,Thu Mar 23 09:47:47 2017,nature
415,AQARNEb7lC_TjulWDgpmBUF8FjanFB9UB8vblf9k0eQMjhdLUMEFgntxWRgaIVoXore35CbAjXaS4JQm7a2iRhj7WYZ_JyujQJzifBDBEXoIPfp5ksHsUcHowfCmpIyLEbE,Thu Mar 23 09:47:51 2017,nature
416,AQAcMo4N8lOPp3xx55k4FkdHoavQNOA_tRwvf8FAZPAdH4ihhyeOYCMJOAaHjt0CNlZGm8-z9sgau0JGAwxz21XowZ-gbpOgvQCJifmERnRdZ8rru4zqF2ahJYJsulcZXZI,Thu Mar 23 09:47:55 2017,nature
417,AQBhGCPb458pa7_OIu8Z5IlDc6yFm1ZD9c5FKmgG82wcPRujG2eyHLBlXR-fEHnV6RTUbAQGBGAaUwZNiFuFlJfVyOeBVRWg-MIxgVnZyx0ItDg_rW8sNQVPpQJH4fyOxPU,Thu Mar 23 09:47:59 2017,nature
418,AQBIrxmdzyqz6b7Q1E4_LWdkDiimsumpvs33Fzjq33SNU0YiNcBf0H11seFH5zdnJdrQaTa7mjROmKD5NL5ZbSqp-qPkrO0D8r5TlG6HmVsPCjyfY4fXvczJRWSiCnPisY4,Thu Mar 23 09:48:04 2017,nature
419,AQAS-KN4Gkv8byJHSevIGDiZV8kkJ2d-TJ8Ey4wxiSPDyIOaPht0wowmrf2pp724EITpRcty02kDHJMDp5y81BQVeGps-mXjVrVberwVTcSZospmrvXtx9mnvXXOutbXcfA,Thu Mar 23 09:48:09 2017,nature
420,AQCEpabqKPa9AYo1TTsiFDZYQNlgL7-kbUcK3kmC5OxgqEmHeKXcuB55GJAgwq9t0-1tJoNCkvWvGWIsWvivTFG2ZcGAnC2q8dX_W82k6OK5q7WJ5JfzvFdqUtAeDy3LIp0,Thu Mar 23 09:48:13 2017,nature
421,AQDmm0XyWciS-Y_nQx5zNX8T8pmu8EVfc7HDzjKzpH22nILFh2rzR0EKsK81ab1_8U6uJb_L5_fTQRpoKDvxye0b6U_q-_aPoSClfR0mCr1YXus3sTCqmycnM0IeZf2-5mc,Thu Mar 23 09:48:18 2017,nature
422,AQBPvBl6DuD1I2Ch1Fuq5s7LHznMrey8Mm0EO74tnezlPwrlencRoj9mk4JQuP4iLAjFPzsIu32siV6l-nGZvu49FO0b5RTe-g0WqQlJ2FSsvr5y1ws_9LgVQLepEo4NvZ8,Thu Mar 23 09:48:22 2017,nature
423,AQDeGZmV4VTTHvVTfAGjFeimSmReAfUtqBU1-k2YkgEHb0FNsppCsugY-Ub24Og0ivYE5NrfmFCGekLR-OxrR4zQMTEIjBKHZwtwLtHcG0cz_-DTx2wBLfaYEjYgtT041AQ,Thu Mar 23 09:48:27 2017,nature
424,AQBA0lB_TSBdON0OZCcmmLo0FcOUz4tF8xV2EWXlhJSCNnJgM8CjpuF04wAnNBS35oBBK8m8bYrL0AHhyWEEnto_YuALfYsacjOdLslACPGOhu0IqttTRBCy-xLWn38CRfM,Thu Mar 23 09:48:31 2017,nature
425,AQDBsFETZF62ROHSqUdiA6iT1CmY0puV9zdOUNmzSNHmgBX9gbIIXBpmCHqfcKiAvdJo0kWNaVpV6lof_LMUBgH4NZGMzy9a1O7aE7IoANaTRYI60YOKHmA1tgJgdVGAFpA,Thu Mar 23 09:48:35 2017,nature
426,AQDh2m6n7q-UHZKsfldpc_NVeu0XE1f_-3cY6QnbJlntErXLmwGqESwIo5Slo1d09A1uzJ27In05pZDWYgUILlBAbNMahDY5Mis6x3Ef72Da8no72sYfLSlEB68bEQgneRA,Thu Mar 23 09:48:39 2017,nature
427,AQCvDlsnlo5k_zCImBQVlhOCO1SN6zaNpAgoicfNLwvntwv-rEJMMdJchhX-jRchUCVxJAc7xJ7vYrFNoFzN7rlA31R3LVPIROKyeLLZSD2K6OX4QG9NZCKeIWreMlACGwg,Thu Mar 23 09:48:43 2017,nature
428,AQC1v-of8Ohy5t8m2BvYQf9N5VpGAHZBo6gcsCtgSublgQRs1CwAxwGFPyzaW7RqJ4kdW14PV-MEyLtWgEl1oAWIE86wsFpWaghzyvQHZ2aw8YFrqluq6PdPKtaGsMc2wRA,Thu Mar 23 09:48:47 2017,nature
429,AQCyLMZllxBxrRZ3LIcTllTs0ola7m6HEzdXcyW_RbohFufdhBUY2C21SceiPBhyyYaoQYQcnCIq5ljqAeQOaZuqn7W7twtPLoPffT0I5f1OtmPY7dXj7jnppiFAyPO3Cx4,Thu Mar 23 09:48:52 2017,nature
430,AQBn6TMsm-DKof2FqAX2Z81MEktufvNZDLf8bz6C_mxi1CClGxo1FXQ9NLmgYwllpPsC9H3gVC4lMdnmI38MGD1wm76bH0wfE8gWeFrPLueoFCSiWfJCG8MBn4V05X5XC9E,Thu Mar 23 09:48:56 2017,nature
431,AQDhTf06nMFRfEdb5qnmGi8kUKyKYl4ysNBKsTcqs2jROtT-gMIwUCcnSLGiz_5YTnDc-rhjAbZXE57M9YMXwj8ajcOabP28nadtBhHm3jl9l0LQ4QD52koZajCFy9xeEr0,Thu Mar 23 09:49:00 2017,nature
432,AQB3ub0uy94De_y--l0AonWl6wkmsapwpyppznluEUfFMvWjJwYMDYjJwkPrEQ-IqlunTICEBO-ZvCZ9KAmchbJfUYxiMEVtOPJ9zOZ_aUh53oeweL1kr3bHUGGnYR2ttTU,Thu Mar 23 09:49:05 2017,nature
433,AQAKTAP72K7k0-vE5pqccGQ1fIxB4gGx_-Yx4NsmYjXYQvmgKHVGlsLaMgpCcBK6PFLM1gcG_sHD2NVjoUtbtpYwu2qhj17uRpaEe9f5ga3n0Nsf7m2W6vfWNqBJWaDh4u8,Thu Mar 23 09:49:09 2017,nature
434,AQBOu_7cB9z8UTu1i6yuUOCd3phcUXLgPUgEhU0HQXVCKi-MIO3qtccegbeV5ADYqNCn6HTh2wT46TKIj5BrtCKFSiOjPO96TF5cgrGGDwDWKCNdYu7NQAMr7-nC5E6MipU,Thu Mar 23 09:49:13 2017,nature
435,AQCjtSuyeYQhXlh_v-kfHCyGIY6pw8peaYxz5HoR0jL9afCePayqTBsj5NtifOSp7K_hO3pgZIETY41V-3HSpWPLv5TsCbREfoheXcKm6G7FpVGyLb1vZ_98KSgCDnN_4Dk,Thu Mar 23 09:49:18 2017,nature
436,AQAsaAZK9c-WEuh-Pl4zczk5jhnVdh64185wzZsYk92lKSKrRakNJP4JKWFCljy15Yspwl-wpOUpDIsDfwRySGySqvLbpcOLt2GJWzaZ6xdijXUKdV69xbPJJiEnzatpoEI,Thu Mar 23 09:49:23 2017,nature
437,AQAructU1C9OAZQmFbaFB2XK2dzYf93OvKGa9YhrwT82lIeiKBv8DndzN6tNeO8PLi1j-jDbCCmjGNsAkkj-X2F5howV0C7c6jtSY4lsKxjEgmFkTzsGA0jgGih6UcSX3Ew,Thu Mar 23 09:49:27 2017,nature
438,AQBzBwBiukvwhPWeLX4P_X3MLqUcMCjD6nTQDnWdNa3_UsEyNEpCkO9UoAXBpUeYhVV8tddQx-lcbP6DOsWcHyimmPhLY5jUUtHcLNLq9zqptELiwOhTOV8VURsI41zSBYQ,Thu Mar 23 09:49:31 2017,nature
439,AQCJ_k35PRxno6pDLVhGfZHt-lpmP3mREPzO7Q5f1IXC6XMRryUsTAxO6Fi17nc3atMsxyoCsifkJVF6B72w9gQ-lwJT6Ok1GTfcdxxTfAj92Aoa0BEOOsVXh6vcnF4sjaw,Thu Mar 23 09:49:37 2017,nature
440,AQApIsB3jjzAAG4AMpE6yxwvpUZP1v6fGROC-UNz4bhtBEzn8MxD6QY0y4VqCOP1jTeCrW67mSSPYqHcebxUMD9hC0jIVn61gUikBM7vO6VSvVHrprJhVYnzn3ilBacWcnA,Thu Mar 23 09:49:41 2017,nature
441,AQDD3FyerrutKUXJzWzapUxPFbfnOD5cbhpcbVEX_K-cgJCebNKORXi6XrP4TBYpjAkUVeGRqjyRsf4n5GphZd45Ifr9xXgCqQvu4UewHt_RCAYGENNnCVIc5MvYoSicovk,Thu Mar 23 09:49:45 2017,nature
442,AQBJpg-ZVBCCxDuW3OfhhYk00GMaZtr45PK63CohBMh6Dj0o8874geCR5nygYq3gwR-2NNAnFh-QhIH7pln2383SfgCEiUovhpjztKp5ODdGKBmzFuaDDRKUFwrHCLjMMT4,Thu Mar 23 09:49:50 2017,nature
443,AQD4m2jarSj4rcrRFyjlF1KHiCN5GSmAlJ_8XlGTKuvjdiQimX4IYa59TQDM231G71BI3g_aIZTt6IbiZ4NzXHnfLoy2akdGqsDGsjLVAVGovl7GViHXlJK-2eP6QsgmkoU,Thu Mar 23 09:49:54 2017,nature
444,AQBL1SxmZCZmh9bCFo1XxJAoS0aEQcZ9d--OmQ3hl9bMbWh3dO_7c_A9c4zZen8sb3dcIvLQmlYq206gyBiIMpO0xF9MsSE_7-Fb3vTbh1wXiwtrN_RzmU_cgPuihZVS0SE,Thu Mar 23 09:49:58 2017,nature
445,AQCZ3YsMLIN9GI7YURTtrS1sTrtTi2ZvHEpS2dwhojCeKTAYIEUUzIIdAcmLo7cbZNkNQMiBredVcDmfWu133cY_ivv2ZSCFnRPOKWbLAmjD9_IU3KNH4LAIYHwahzJHGc4,Thu Mar 23 09:50:03 2017,nature
446,AQA2Ki7iKFX6toDOiwv4vxKWiGeGS9j3L44QtC5hsTCgzTYp7zYucIqHbvyi6nq_r2_00GU21bjl20dZVm-CSoTaXY2zLQJwHd50gHLafVQrc51OWBf8E831SqmtA6dvQzg,Thu Mar 23 09:50:07 2017,nature
447,AQBQsBB-wt6wyq2YPXXktLMufWsmszGWd1vh8VTRE1onUQO7XWSQZxE0aRIG43JAztPOmE8SGC2LkPAymSpwjtw0XTGH3IEVi0oa7FRiKSqYDHzA-76erX5e4oP-9x9ra2s,Thu Mar 23 09:50:11 2017,nature
448,AQCfqQFSm77fj-1R68UmE_IelioqrXdy9j_P5mADuWzbIawxpcJyxZBNW2_AGKSsOza8AvC3ktG907c7s-h7yiLuq5w5KgCXoguDDXcUewe7XdEkRTVSers1A6mExEwLu0I,Thu Mar 23 09:50:15 2017,nature
449,AQAzz3Ai28c0fEqDYAWbRcqS9ZNh91rR-JX_trw_EogrsUnKrry2LM3FHiV5YryTmdPUC_vHu8SBdbTDMJhbZQnabBrra3n9uPEMyS1g-34JDtYT527RHQ5tz3l8zQaRM7A,Thu Mar 23 09:50:20 2017,nature
450,AQASjlaI-on6ctA9aU3mBGs32MzhgQoEzsNO85erEGvhgMTDVgq4mSRCzE3xuqLpUqMtLZeyIJE6w6Qsty3hN1A8kVo9Fdvrb2qKdOOiY3C-SVMKIxqZQXSDV0KMYzQEexo,Thu Mar 23 09:50:24 2017,nature
451,AQDfT1w789pJmtahFPGKyNss5hOUr5Cz14Qp0oKXTeXZFhNiJIoeCOShd-rpPfv4h184aDH7vtNPrswyt2pA5y4obEwDxekci7U2rzjM9OwSSDlEPaYTMLQXogiIMN-W-P4,Thu Mar 23 09:50:28 2017,nature
452,AQB0A5mR0gel2M3d7o66-HNZ4BCZP9KevMqSDC34jzEek72YOBx81ZraRiQzPHPXAzH5IDzGTDlhZ3fAbz2KYlbuOTZlJN_bOhMWXkNk83l0y3bdpFUDDTDx-6MktVYZLao,Thu Mar 23 09:50:33 2017,nature
453,AQBZ7cvAH0LirKWs3-F23AAhhRaNAZ1J0ZhSkzG-TdeSDW2zw0mfLgSPEWTQPbLoDQfaseF6IrfihQwJLRXXG-mVs-_JE0LJt6U_ZNVLGnhwWcyaNsX3gZkNmEEzsR3G5ic,Thu Mar 23 09:50:38 2017,nature
454,AQDRIgpYWcysaputLJE2q2PuHD5UpK2Yj7eaYeai2xUyfdI3YQiLTjCL-xeyY5YyYDFVFN_dsSbiW5r_FMTtOE_k95a-RkgMmVKtEZUPOxEVeJI-mU9MRceweUmPXayrJKM,Thu Mar 23 09:50:43 2017,nature
455,AQAdv6vZZH4nd_S6v5GW8slyCYM42xMB89dYwl5z6AOXjZVmxmGI9O-kKl8KPzJMcR1u-XDxL-J5LhJt9dLQYRwwmoDKFmOxFizU3Qd62quwesHxV3K3MrhWiooibqGzPWA,Thu Mar 23 09:50:47 2017,nature
456,AQAyezx3WU7y-YL4FFhyFBf8DTD_nzXB-RIaHYAfziYA7-auOk9qs8kUl_JCRemskFcM6ulS3bR9vV95AFhpSaonxOoarot1RBYgr8Zbkik7nusaln6w3m2q_N4Auj3P5M4,Thu Mar 23 09:50:51 2017,nature
457,AQAm_XtC5SYa-P8bQR1Xrh3xjWGAMGAI4a05WSfmQAVx6jzlcyviE0hNTa1nuT8_fMwkUerhgznae89dbNHLQUKinLGTMHwTQ5wL1imcTn5ODqZlFY9UAB06EoX9_pYgQuA,Thu Mar 23 09:50:55 2017,nature
458,AQBQRIMQdKHuokWdTPCwrbs1ZYJ7x2qyxrZPIRo3wwZwK6rDXYIC68ufZR8tI7hAglNyW8volmCA4GUQj9HkWjsrIrSyfTGNz-bWH5ZIJRuFXSmKZyY9Cq7-9qmWubfeYks,Thu Mar 23 09:51:00 2017,nature
459,AQCRL20JhfRXwV7YIyZF5dzbsWuCpSa4ZZw-HYsEKmNOqjAtPsFpYWr_xYfq8zO9WmhmGoeufj3MaYLXpxDHPFjjnW3OKP0e9yw4CIvRIw0TygsR7lpUTpRgRmBRe7_iI9w,Thu Mar 23 09:51:04 2017,nature
460,AQD9xSPyMyLEE5MdYNyHeqe0XIO8CrYmJDmblccuKu1OGkL-DgEWUMxUAlaVXbVj_kcydvvMtuXPYhosBflmjJ0P_8G4nQ9SJ_ZludyaxURxhcY9SZxwDY4m-W6u9GuqKTU,Thu Mar 23 09:51:08 2017,nature
461,AQDMYpOs0EK9exClNy5BTThgfsJhht00AOX2Z_HW3m-el7943P7jCbLj7EXzcBJB8CqMTaoZXefkrK8gl_sSW8X5UkPndDj-x1nK4IgU8epUk1UUfcVtjueSv6IJXJjO3PM,Thu Mar 23 09:51:12 2017,nature
462,AQAeR7GxZqNUR8lBdRa9vSnTkWBTXk6RIBBYq9Rl365kBBdViJMVOq74fWaNFYDvDXyMNrL0ced3BK3z1CN3cBYx9yX62Vj_5q2XRtjFVxClTB1RtG9GboGrR6oBGmci45o,Thu Mar 23 09:51:17 2017,nature
463,AQCTxj1TZfcfl7Lhs_mKkdamGONs_5bkwakJJVt8wRor7nvgwH6qnqmkcG6k5yXloOVyJhTS9GOc_JYSdosSJ81_htRmJ8w4bKb-7AGr9H1G2TGg-BxAHapcrB4lf47beEo,Thu Mar 23 09:51:21 2017,nature
464,AQD7zCIr2QmJ8aBq5z6lyMq62FHqgzR3jqY5DR7ruBUtVyapncypRpoSu4oQUxwJUTU5qWnU8uRb1b6uwQr2N2U_BYVMWD-Hk5-k1jTswws1t8HqTYnAnbi-jyLVAeGx99Y,Thu Mar 23 09:51:25 2017,nature
465,AQAfdiy29oxRPbjrIutFFl3rYqUvO6g3z6qbSUg-qhaNM3mNU4D-_e0LLOcC0XfEE25K4j4DjV2T2_r6WfWEZb7ba9oVgNWT9ZnsPkB1UjTfFs_Q3qW3YnkcsTGEHtOysuk,Thu Mar 23 09:51:29 2017,nature
466,AQDZiFh_O3dxOMNxSTiUvJr5mHz7FCQ-MK2ygZAUFNpN1SiXg140-04C11tYu1RY_dyZr_uOjXqPCpkkZw_uN72W4HlqWa1MYBQudayCobo6yDnJyu5-PZ-C2fH4HgVLfZ8,Thu Mar 23 09:51:34 2017,nature
467,AQAJtBlUKIgIppa3RrUHcu2iQ_IX0LpPM3i5GuFE02IgfZ_BuyGsRHcQVyvjWpyxKI0v9NxPX-IJWcnQKRzpbnE1XsqT4EznqEzzAxA9LHOReunMLtPBuLvKeX8v8zCOnGw,Thu Mar 23 09:51:38 2017,nature
468,AQBYZ-MOpLXcJDah0TOwdVmCm33JOln3FT9Hqi5CuIX480D3SX80LY1JqRQfmGwCCNjyKO1NPIj23-u2cbI3DjK8dCrn5TQWk101m5EbI-WwJVBhekYeRhVWMqSINCP6xXI,Thu Mar 23 09:51:42 2017,nature
469,AQDxZGK0y6EEI9nAheJ6py9BBfBomkpti6h01NUr10ed-eyG9ixrdYP-0fu-fm5RmGjJ2UMH7QAKA8_HnIyiY9dEXq9JKA3jgc_mXCDBhHeFTTzZOHKg07xhXeNyJDoITTI,Thu Mar 23 09:51:47 2017,nature
470,AQCcr9Ct_t9RG3dv1ZrLOiBv4ppi_ihcsR7D_Yx8uy23D8PUUMmzAKLnf_tfnL1AGODoGf3r6KNmFQRqI6Iys26Y9o4hjX8lPC5T2HVazddY3D0Fxm-QVcgEYwXMifqnkuI,Thu Mar 23 09:51:51 2017,nature
471,AQDej01Sb8qUPpm9UnAuw0p1x4cAB--yTEJXAEmsV8fGmuwS634uJ6Or3joDiT9XopKCHUJdJkGyn35eMm0YMOkTEU-xwosTx7yG0_a0mdiiWqfFJNNh348uWHf4u-XuAwA,Thu Mar 23 09:51:55 2017,nature
472,AQAMvwe9ipVunGIbOWua-CtE5MT7mf0EDenHGVj0fO7EvwooQnlNBgIWXaDJhTHeuxXAvCN12DAlYy0LIunCydWE5u6oIGkerCIQXRynnYSlVEYQ1LyUCke_lQh_BX-7XNc,Thu Mar 23 09:52:00 2017,nature
473,AQB6kYq2m18QhrwBOQLtE0b17QLUQ2WQAaog0Gba4oob6Iupfn981Sc_8D4HZL6IpQTj-9L-71CWb035kqLqVrxyRMFn_vBB4I6w9Jphq7MPdF-XNU8O4RhjC2_RjisTZVk,Thu Mar 23 09:52:04 2017,nature
474,AQCn_tu99CWqx6lbmz4jEV0wcy9QIcCzUw1oi5j8GuE2li7ia_vUeWAZ6QlugAxF56a0ZOExKL0qJL9C5j_T2g1IMZQsCD7e1uH-ctW0fwk-gNLSAa_yfvuYEIXWGFCcCRQ,Thu Mar 23 09:52:08 2017,nature
475,AQA8ydumZlv3J6CR7dJFdqVujQUJblumgiAKE_QapOIt2C_HUMKak16CzM9GHO3bLvqdXdSOmAhjlxwpCDfj4oFGQxuZoCYAJug2AjbhhmVF5TOz8hUeLNVhqCpAZNfZMLM,Thu Mar 23 09:52:12 2017,nature
476,AQBXu5C1sTNJD3bSrHcsLN6iSGnhAkLPG-smKRQg4y8dGLkCmoKI1u0BG18sn7Va-1pSK7_RIUafhCbND68hJvvAmpd7f-sJjytRCQrsLzj5St6coXQZUzEq4AhK0YF56Mw,Thu Mar 23 09:52:16 2017,nature
477,AQDygb30nOPeTvCraHfcC9ybnRHSxxJeYl3tFuMNWqqfg8vc7WlrBgFfCWRj-p_FlQKyJ8tao4hD5ATDVyAG7u-7wLQDJJUVjQVacpPYighl2jTiazaRJwMFcwejPiTpZYE,Thu Mar 23 09:52:21 2017,nature
478,AQCLoOboKIRHPkx3hBWXOS-9TXTEGKJ8AMHMzCbplZVKuIjUBhkFlOQzu-loVNgcXsPPc0wdwI_Ai68ql2NH5PzpproJExUHMzzwXb_ec-jn2vBR_nio6gJ8i4xfumhKNYU,Thu Mar 23 09:52:25 2017,nature
479,AQAgGGel89GVowAE3G7Uj6L6te77oiohvmOFnM0SpUIufbPZ5aT7dVljSVptVFRYQ9k6XIWvFw-bFPdE23B8RlLYpnUcCRU_2OLMpOgwCin0la4-hyvOzrbjiTBxJARdCOc,Thu Mar 23 09:52:29 2017,nature
480,AQD9bcdr-IkdYg5veMdoXxCRlo_XlgDZnW87rWtpJfZWlW-hNPEIJo-nuEPzftVsTIB9G9QjEr_gsOVlRe5iqndZ7sWP3Lnrvz_1QnKJ84ZgYjnYYmVb9_rBejimmRt2QEI,Thu Mar 23 09:52:34 2017,nature
481,AQDibVnzqucfg5jcJ2LpXaBVs6hJXroK-aNo-wikQ08kN7CUMMLAorv_hSfugyZ1ChROFO_FvUbTMd_2frjkYVKCvDcgNVIYrB3v_YR0YY3aqeQlImUPVual69lAJS208Ds,Thu Mar 23 09:52:38 2017,nature
482,AQCUgTYFSaqbkGjLVTKUwqicU1drwS2xmXzgN0qw3pHVhrHdxuvRd4PGsb38Wxb3CZGjHwawHPFT9ntLFwHKl5UTH1Akm8gBbfUY7FizBStPw0F-Yh2ILt7w6cdcQxKg-Kw,Thu Mar 23 09:52:42 2017,nature
483,AQAGlLhRPs3dGdG3szN_-qcUD_O69lxDsQ9Eubrmp2rbKRvUIEkT1vAX3SJv50Ds7tyPW1pGjdV_myUNsSak58Wxm-ZUIxmDaiWHIUGj1it1W0UhLb1WYqvYpU6y89DI65M,Thu Mar 23 09:52:47 2017,nature
484,AQAAihJ6vJNw8wcQrUdpoQyEwjbjYb3zaU1DlEPLMpc09A-aTwgI_S_rrSrTSMlmGvFMYx86glojO6emx2PnH0PYsom5WyxB0a4m8MLS8InzXun4eN0WeFXcgY3CXujzjF0,Thu Mar 23 09:52:51 2017,nature
485,AQDAcMm-A6tsHkTf45E-2MqS-hFkp5RRrVBSndUPGy0g1PsPbZfrQolhJ3JFBz9iUfe7yjPI8KesE2jvgaLoifxlBnEz8mnENi9moEasBnT0YA5dWGQiCEbpsFYXcwcoszg,Thu Mar 23 09:52:55 2017,nature
486,AQCxhPBI6vW8tTcB5ljZ0t8zcXjS3dcP9FRnq7sDUotyxaH1c2LJb3bBPTlO2v-ydAWd7FOoh9gBuh-gchYBPfBWdqulRKF3V9nidFV35hC5_kDEUvdWFZClsQ5nRMcst6Q,Thu Mar 23 09:52:59 2017,nature
487,AQCvX5jNtpZmUmomVc-RhabSYdllb5Lsa6V60dA1pSa5aCBK2BoDKedNfzYbsUvwRY20f5AqQNy3RxA2kdA8EYWUzsVDbxq-rddhHZzAA2x2Twq6kHfQb6UmuXXuXCq6BmU,Thu Mar 23 09:53:04 2017,nature
488,AQDVJHSJDdylhz8nIJWRNeO3XGtY2MKG4NxszEtbqV11SOULc9sW5gPL-T6PL8kP1BWk7kpNBIBimXIvQ3fpGVMZZBWRF3DVHwB3O3K4Jb621yzQG9YCDd-AcaSdYX01Xuk,Thu Mar 23 09:53:08 2017,nature
489,AQBXUT117idrWCgNNBriLo1bJ4afsYB6zeg_h-AQSTpk5rApCMpu4idNY4yAuddLLA1HbV8xmZj66bu-euLJ7aRfHA2-pSckFGs6f1wPtMnBXKSGIaEegYXkouAjHm2aZh0,Thu Mar 23 09:53:12 2017,nature
490,AQBUTyJvHW3CBgCIcBqOmGvA-98u0zTqgCDrf-C7y1rhRwJWH6dhPmqUcEMLyPwJf6l_zOydq2viZFZ6hibDh-xHjz1RjC8VKn35QzIPT-X4Rpo8QwSjfCuaPEL_h15uqAw,Thu Mar 23 09:53:16 2017,nature
491,AQDieHom0eWQPstw_wMrPGN4dLmCFF6Up9fNSdAEU4xv7oOd3VQWPaqUZL8rsV_oX8yJ2haXbpD8Hi9hFAVHSwXuddUXcRbD-0U2IdE9sHhnspiKyJdrEA3EICLMorr-fAM,Thu Mar 23 09:53:21 2017,nature
492,AQBjJUf5N4PF9iR6-Mi6HO1X1r_NXv0KHzTFnLOS4Sjq3g5Ai-2u264A6uv9_ZIln2swEbTzn6xd4XpteUfe4TJj_VpVJzldJeKVLcKdK6ZkVniM5WPIbdAxiKI78DGCCTg,Thu Mar 23 09:53:25 2017,nature
493,AQDVQP9ngVIfQRgphu4_olqnomwSnq60DKISCGByiM0ZoEjSTGP05bhizS_tHxjcXN5vPCrLgb4FQO7etuuDzmuPcT5t_AlOFnfIAh5426KrzQx7AKvCpfJ8WFemX4E592U,Thu Mar 23 09:53:30 2017,nature
494,AQDOnIc1Qs-KEb1oTmLfpDnebotX8pM3MOeCyMFcmmeA6lIsA-wfPVVK4pqyH3T4VZi_lgZKgnvAkzrbzjjy-M5M_lqsBz6J0pcIkElBRzdsiG0t_jFDApYEph_fBq2jjuc,Thu Mar 23 09:53:34 2017,nature
495,AQDzi35kKtKChWB37NmAPj2e0X3ixw8swLyhvTbWxZB3eyAJanzZbmzqD-uFW_24xRG88XakwzGwhJ1i0fe7Fo1s207ubPor3TA8BCgkHPA3nApgUb4yrqBx0PLZ6vxSgc4,Thu Mar 23 09:53:39 2017,nature
496,AQA4GWN_SIfWMllKLiGgoVEmY6UmNL2QRUXtBdgb86RgK9zhcPTpaFzsr0eFfkm8ZqwKyvCxNVbMrRMN_AVUHJW8QW_vtHebhoYFQU3ACcyfHasCLMwUp4GUZyr0yJq29Yk,Thu Mar 23 09:53:43 2017,nature
497,AQDHI6B8DzfaPQQrfpofssmPaNiXjn8iLP-0ongRtPk7h5FO7kIE80vGaWQXzauV4IDVw-fgRQWzPTd7mWurLfHNuwhcJYxDyYMs9IrzNN6PApUVjOOpzxUldaJAaC0ctG8,Thu Mar 23 09:53:47 2017,nature
498,AQDmip_0InK60Md9Q_zOkYb16r8Nj4Tda2QJzaAijfPLnuKJqR_bP-Y-Bn7UHE6NcVximg9VBwnlizeVWypl-vC6a9kBk8NrthgB2wZktUG94H1EsKmOSkbdpBwOSXziSWY,Thu Mar 23 09:53:52 2017,nature
499,AQDzCZZTRqpBgTOl78TfhmB-bBwwtjztikoxPmft8YxyDSIB9EJgLuUN0-zCwIOTc4fFK41qxV35B0608ngKMxu-56JsAHTJhmeGitDWqxXMeMwACGVN3yX0ZpqiV8p0iGQ,Thu Mar 23 09:53:56 2017,nature
