,caption,comments,filters,hashtags,image,index,likes,time,user
0,"
                    My model today.

#shooting #like #autumn #cold #nature #male #model #sunshine #boy #photography #guys #love #doing #pictures #so #cute @felixwolfphotographie #berlin #city #cool #dude
                ",2,Filter Normal, #doing #berlin #nature #male #model #cute #like #autumn #photography #boy #love #guys #cold #so #city #shooting #cool #pictures #dude #sunshine,https://scontent.cdninstagram.com/t51.2885-15/s640x640/sh0.08/e35/17334125_1157173857737915_5922918046174806016_n.jpg,1.0,27,21 hours ago,@cindysittig
1,"
                    Jesus the Kingüïá

www.charbelfersan.com ¬© All rights reserved

#tb #instashot #photooftheday #picoftheday #instagood #instalike #sky #clouds #sun #sunlight #lebanon #Jesus #statue #blue #green #tree #livelovelebanon #livelovebeirut #landscape #nature #naturelovers #beauty #igers #tags #lebanonspotlights #charbelfersanphotography
                ",3,Filter Normal, #instalike #landscape #nature #sun #lebanonspotlights #instashot #igers #tree #beauty #charbelfersanphotography #clouds #jesus #instagood #green #statue #blue #photooftheday #sky #naturelovers #picoftheday #livelovebeirut #lebanon #livelovelebanon #tags #sunlight #tb,https://scontent.cdninstagram.com/t51.2885-15/sh0.08/e35/p640x640/17332602_305538339865383_7561037642524000256_n.jpg,2.0,62,21 hours ago,@charbelfersan_photo
2,"
                    Fr√ºhlingstage...Die Gl√∂ckchen bl√ºhen,
Sonnige Fr√ºhlingstage,
Die Seele jubelt.üåª‚òÄÔ∏èü§∏üèº‚Äç‚ôÄÔ∏èüòç#fr√ºhlingsgef√ºhle#stehen#vordert√ºr#freuen#—Ä–∞–¥—É–π—Ç–µ—Å—å #fr√ºhling#–≤–µ—Å–Ω–∞#wald#nature#mytime#mylife#—Ü–≤–µ—Ç—ã#–ª–µ—Å#gl√∂ckchen
                ",1,Filter Amaro, #—Ä–∞–¥—É–π—Ç–µ—Å—å #fr√ºhlingsgef√ºhle #nature #freuen #mytime #–ª–µ—Å #–≤–µ—Å–Ω–∞ #gl√∂ckchen #mylife #—Ü–≤–µ—Ç—ã #wald #fr√ºhling #stehen #vordert√ºr,https://scontent.cdninstagram.com/t51.2885-15/s640x640/sh0.08/e35/17266005_268970816890083_5276858607265120256_n.jpg,3.0,37,21 hours ago,@iiiraaaaaaai
3,"
                    Sky was putting on a bit of a show while I waited for the train :) #sunrise #pretty #nature #melbourne #burnleystation
                ",0,Filter Amaro, #melbourne #pretty #nature #sunrise #burnleystation,https://scontent.cdninstagram.com/t51.2885-15/s640x640/sh0.08/e35/17266059_1270084936415013_837442369870626816_n.jpg,4.0,16,21 hours ago,@its_pronounced_nick
4,"
                    Swimming, swimming in my swimming pool.
                ",2,Filter Gingham, #nature #bohemian #waves #hippiegirl #swimming #travel #backpacker #bohochic #happiness #ocean #worldbeauty #boho #hippie,https://scontent.cdninstagram.com/t51.2885-15/s480x480/e35/17332741_249804985489937_4133749049935265792_n.jpg,5.0,653,21 hours ago,@bohocrystals
5,"
                    Stare zdjƒôcie #lategram #jesie≈Ñ czy #wiosna ? Jeszcze #zima #throwback #tbt #tbw #trekking #withadog #forest #treesofinstagram #hiking #dogscape #retriever #lovemydog #mesimoja #trening #zaprawa #view #slonce #instamood #march #instawinter #likespring #outdoors #zpsemmoznawszystko #zyjebyniesiedziecwmiejscu #adventure #nature #naturelovers
                ",0,Filter Normal, #trekking #march #nature #throwback #lovemydog #jesie≈Ñ #zpsemmoznawszystko #view #hiking #outdoors #withadog #lategram #adventure #treesofinstagram #trening #zaprawa #instawinter #zima #dogscape #tbw #likespring #zyjebyniesiedziecwmiejscu #naturelovers #slonce #tbt #mesimoja #instamood #wiosna #retriever #forest,https://scontent.cdninstagram.com/t51.2885-15/e35/17333516_897658987058326_6957187381262811136_n.jpg,6.0,45,21 hours ago,@english_at_tea
6,"
                    #panoramic #panorami #travel #landscape #nature #photography #panoramik # #sunset #photooftheday #panorama #italy #love #beautiful #volgoitalia #tramonto #sky #picoftheday #naturelovers #italia #instagood #sun #photo #natura #clouds #sea #photographers #lamiavita #ilmiomondo #sardegna #lagodicomo
                ",0,Filter Normal, #landscape #sardegna #nature #sun #lagodicomo #panorami #natura #lamiavita #volgoitalia #panoramik #sunset #beautiful #clouds #instagood #photographers #photography #love #sea #italy #panoramic #photooftheday #tramonto #italia #photo #sky #travel #naturelovers #panorama #picoftheday #ilmiomondo,https://scontent.cdninstagram.com/t51.2885-15/s640x640/sh0.08/e35/17126640_176204042886969_7205719722589945856_n.jpg,7.0,76,21 hours ago,@specchio1974
7,"
                    Please don't touch the artwork üé®üèîüåÑ #me #boho @lulujohnson233 ‚òéÔ∏èüì∏ #throwback
                ",1,Filter Normal, #nature #throwback #garden #fashion #me #1920s #mood #vibes #instagood #makeup #goals #style #vintage #photooftheday #instamood #mama #floral #boho,https://scontent.cdninstagram.com/t51.2885-15/e35/p480x480/17126760_191700944654019_66667800923471872_n.jpg,8.0,35,21 hours ago,@hawaikis2meke
8,"
                    A bit of rain...and then there are millipedes everywhere.... #australianbeauty #insects #nature #outdoors #hikingadventures #insect #insectphotography #millipede #crunch #eww #everywhere #rain #mothernature #walker #walkeveryday #keepactive #getfit #livelife #wanderlust #intherain #nofilter #photooftheday #picoftheday #nature #naturephotography #amaturephotography #beautiful #country #animals #creatures
                ",5,Filter Normal, #walkeveryday #nature #keepactive #millipede #eww #creatures #wanderlust #naturephotography #beautiful #outdoors #nofilter #mothernature #insectphotography #livelife #country #rain #everywhere #photooftheday #insects #australianbeauty #insect #getfit #walker #crunch #picoftheday #animals #hikingadventures #intherain #amaturephotography,https://scontent.cdninstagram.com/t51.2885-15/e35/p480x480/17265867_404551453243358_706886281879093248_n.jpg,9.0,82,21 hours ago,@tara_australia_norway
9,"
                    Psalm 119:105
#path #beach #oceanfront #northcarolina #outerbanks #hatterasisland #light #god #bibleverse #psalms #quote #nikon #landscape #landscapephotography #nikonphotography #nikon #boardwalk #peir #sky #ocean #colorphotography #naturephotography #nature #clouds #sanddunes #sunrise #shadows
                ",1,Filter Normal, #light #landscape #nature #psalms #oceanfront #nikon #northcarolina #naturephotography #ocean #clouds #beach #landscapephotography #sunrise #sanddunes #hatterasisland #outerbanks #bibleverse #sky #boardwalk #god #nikonphotography #peir #shadows #colorphotography #path #quote,https://scontent.cdninstagram.com/t51.2885-15/s640x640/sh0.08/e35/17334032_709441132558848_2505241122243084288_n.jpg,10.0,25,21 hours ago,@abigailgracephotog
10,"
                    ‚Ä¢‚Ä¢DroppinKeepsYouWarm^^‚õ∞ #Beanie #Droppin. #hat #crochet #handmadeclothing #mybrand #custommade #warm #cotton #unique #creative #green #design #naturephotography #nature #naturelover #mountains #snow #winter #hiking #bluesky #sunny #travel #inspiration #slovenia #kamniskosavinjskealpe #instagood  #photooftheday #climbing #lifestyle üì∏ by: @nejo737
                ",2,Filter Normal, #mybrand #nature #kamniskosavinjskealpe #bluesky #droppin #slovenia #snow #naturephotography #hiking #instagood #warm #sunny #inspiration #custommade #hat #green #beanie #cotton #photooftheday #handmadeclothing #naturelover #mountains #travel #climbing #winter #crochet #creative #lifestyle #unique #design,https://scontent.cdninstagram.com/t51.2885-15/s640x640/sh0.08/e35/17266258_759892380860008_32441571613868032_n.jpg,11.0,72,21 hours ago,@droppin.clothing
11,"
                    #sky #sunbreak #dawn #fire #firesky #sunrise  #sun #subhanallah #nofilter #nature #üòä
                ",1,Filter Normal, #dawn #nature #sunrise #sun #fire #üòä #sky #firesky #nofilter #sunbreak #subhanallah,https://scontent.cdninstagram.com/t51.2885-15/s640x640/sh0.08/e35/17267764_1910457869186864_3683307255186325504_n.jpg,12.0,18,21 hours ago,@amenahk
12,"
                    #analogphotography #nature #tao #bnw #artbasel #nyc #contemporarypainting #contemporaryart #contemporaryphotography #marseille #ishootfilm #filmisnotdead #filmphotography #kunst #kunstwerk #artcurator #artcollector #mediumformat #hasselblad #abstractart #abstractpainting #cinema #picture #love #losangeles #poetry #painting #oiloncanvas #music
                ",0,Filter Normal, #marseille #bnw #nature #filmphotography #artbasel #contemporaryphotography #poetry #mediumformat #contemporarypainting #artcurator #love #filmisnotdead #music #tao #abstractart #artcollector #hasselblad #analogphotography #cinema #ishootfilm #painting #picture #losangeles #nyc #abstractpainting #contemporaryart #kunstwerk #oiloncanvas #kunst,https://scontent.cdninstagram.com/t51.2885-15/s640x640/sh0.08/e35/17126060_1064045380406074_7446822612308590592_n.jpg,13.0,69,21 hours ago,@borisdammler
13,"
                    Anche quest'anno siete uscite belle e profumate!üòç #Fresie üíõ

#flower #yellow #floresüå∫ #amarillas #picoftheday #nature #photooftheday #photography #istapic #istalove #istagood #istamood
                ",0,Filter Normal, #nature #istalove #photooftheday #istagood #flower #istamood #picoftheday #yellow #istapic #fresie #floresüå∫ #amarillas #photography,https://scontent.cdninstagram.com/t51.2885-15/s640x640/sh0.08/e35/17265393_409249502769614_5371407261405020160_n.jpg,14.0,17,21 hours ago,@lolladb
14,"
                    Il cielo far√† il suo dovere, va tutto apposto ~
#turinworld #sunrise #sunrise_sunset_aroundworld #bestpiemontepics #bestitaliapics #avigliana #piemonte #torino #sky #cielo #alba #italia #italy #loves_united_piemonte #loves_united_team #nature #volgopiemonte #ig_piemonte #ig_italia #ig_italy #volgoitalia #torinodigitale #nature #landscape #mountains
                ",4,Filter Normal, #landscape #nature #loves_united_piemonte #volgoitalia #bestitaliapics #ig_italia #loves_united_team #alba #torino #bestpiemontepics #piemonte #ig_piemonte #italy #volgopiemonte #avigliana #sunrise #italia #mountains #turinworld #sky #torinodigitale #cielo #ig_italy #sunrise_sunset_aroundworld,https://scontent.cdninstagram.com/t51.2885-15/s640x640/sh0.08/e35/17333142_1272065016174505_731786629655560192_n.jpg,15.0,136,21 hours ago,@giuseraine_97
